key,file,en,te,context,auto_flag,reviewer_ok,reviewer_fix
app.name,apps/web/src/i18n/te.json,Jadal,జాదల్,web shell: app name and tagline,,,
app.tagline,apps/web/src/i18n/te.json,Fair canal water for every farm,ప్రతి పొలానికి సరైన కాలువ నీరు,web shell: app name and tagline,,,
a11y.skipToContent,apps/web/src/i18n/te.json,Skip to main content,ప్రధాన విషయానికి వెళ్ళండి,web shell: accessibility labels,,,
a11y.mainNav,apps/web/src/i18n/te.json,Primary navigation,ప్రధాన మెనూ,web shell: accessibility labels,,,
a11y.openMenu,apps/web/src/i18n/te.json,Open menu,మెనూ తెరవండి,web shell: accessibility labels,,,
a11y.closeMenu,apps/web/src/i18n/te.json,Close menu,మెనూ మూసివేయండి,web shell: accessibility labels,,,
a11y.toggleTheme,apps/web/src/i18n/te.json,Toggle color theme,రంగుల థీమ్ మార్చండి,web shell: accessibility labels,,,
a11y.toggleLanguage,apps/web/src/i18n/te.json,Switch language,భాష మార్చండి,web shell: accessibility labels,,,
nav.home,apps/web/src/i18n/te.json,Home,హోమ్,web shell: primary navigation,,,
nav.farmer,apps/web/src/i18n/te.json,Farmer,రైతు,web shell: primary navigation,,,
nav.coordinator,apps/web/src/i18n/te.json,Coordinator,సమన్వయకర్త,web shell: primary navigation,,,
nav.canal,apps/web/src/i18n/te.json,Canal,కాలువ,web shell: primary navigation,,,
nav.phone,apps/web/src/i18n/te.json,Phone,ఫోన్,web shell: primary navigation,,,
nav.demo,apps/web/src/i18n/te.json,Demo,డెమో,web shell: primary navigation,,,
auth.signedInAs,apps/web/src/i18n/te.json,Signed in as {role},{role}గా సైన్ ఇన్ అయ్యారు,web shell: signed-in state / sign-out,,,
auth.signOut,apps/web/src/i18n/te.json,Sign out,సైన్ అవుట్,web shell: signed-in state / sign-out,,,
auth.signIn,apps/web/src/i18n/te.json,Sign in,సైన్ ఇన్,web shell: signed-in state / sign-out,,,
auth.role.farmer,apps/web/src/i18n/te.json,Farmer,రైతు,web shell: signed-in state / sign-out,,,
auth.role.coordinator,apps/web/src/i18n/te.json,Coordinator,సమన్వయకర్త,web shell: signed-in state / sign-out,,,
login.noteTitle,apps/web/src/i18n/te.json,This is a fixed sign-in,ఇది స్థిర సైన్-ఇన్,web login screen,,,
login.rolesHint,apps/web/src/i18n/te.json,The farmer sees their own turns and asks for water. The coordinator approves plans and can alert farmers.,రైతు తన వంతులు చూసి నీరు అడుగుతారు. సమన్వయకర్త ప్రణాళికలు ఆమోదించి రైతులకు సందేశం పంపగలరు.,web login screen,,,
login.noteBody,apps/web/src/i18n/te.json,"There is no self sign-up. The two passwords are set by whoever runs this copy. If you need access, ask your canal coordinator.",స్వయంగా నమోదు చేసుకునే సౌకర్యం లేదు. ఈ ప్రతిని నడిపే వారు రెండు పాస్‌వర్డ్‌లను నిర్ణయిస్తారు. ప్రవేశం కావాలంటే మీ కాలువ సమన్వయకర్తను అడగండి.,web login screen,,,
login.eyebrow,apps/web/src/i18n/te.json,Sign in,సైన్ ఇన్,web login screen,,,
login.title,apps/web/src/i18n/te.json,Sign in to Jadal,జాదల్‌లోకి సైన్ ఇన్ చేయండి,web login screen,,,
login.lead,apps/web/src/i18n/te.json,"Choose who you are, then enter the password for that role.","మీరు ఎవరో ఎంచుకుని, ఆ పాత్రకు సంబంధించిన పాస్‌వర్డ్ ఇవ్వండి.",web login screen,,,
login.roleLabel,apps/web/src/i18n/te.json,I am signing in as,నేను ఇలా సైన్ ఇన్ అవుతున్నాను,web login screen,,,
login.role.farmer,apps/web/src/i18n/te.json,Farmer,రైతు,web login screen,,,
login.role.coordinator,apps/web/src/i18n/te.json,Coordinator,సమన్వయకర్త,web login screen,,,
login.passwordLabel,apps/web/src/i18n/te.json,Password,పాస్‌వర్డ్,web login screen,,,
login.submit,apps/web/src/i18n/te.json,Sign in,సైన్ ఇన్,web login screen,,,
login.error,apps/web/src/i18n/te.json,That did not match. Check the password and the role you picked.,అది సరిపోలలేదు. పాస్‌వర్డ్ మరియు ఎంచుకున్న పాత్రను చూడండి.,web login screen,,,
controls.languageEnglish,apps/web/src/i18n/te.json,English,English,web shell: language and theme controls,te_equals_en;latin_not_brand_unit(English),,
controls.themeLabel,apps/web/src/i18n/te.json,Theme,థీమ్,web shell: language and theme controls,,,
controls.themeLight,apps/web/src/i18n/te.json,Light,లైట్,web shell: language and theme controls,,,
controls.themeDark,apps/web/src/i18n/te.json,Dark,డార్క్,web shell: language and theme controls,,,
controls.langOptionEn,apps/web/src/i18n/te.json,EN,EN,web shell: language and theme controls,te_equals_en;latin_not_brand_unit(EN),,
controls.langOptionTe,apps/web/src/i18n/te.json,తెలుగు,తెలుగు,web shell: language and theme controls,te_equals_en,,
units.m3,apps/web/src/i18n/te.json,m³,మీ³,web: unit labels,,,
units.m3s,apps/web/src/i18n/te.json,m³/s,మీ³/సెక,web: unit labels,,,
units.mm,apps/web/src/i18n/te.json,mm,మి.మీ.,web: unit labels,,,
units.outlet,apps/web/src/i18n/te.json,Outlet {n},ఔట్‌లెట్ {n},web: unit labels,,,
units.hoursOnly,apps/web/src/i18n/te.json,{h} h,{h} గంటలు,web: unit labels,,,
units.hoursMinutes,apps/web/src/i18n/te.json,{h} h {m} min,{h} గం {m} ని,web: unit labels,,,
common.demoBadge,apps/web/src/i18n/te.json,Demo data,డెమో డేటా,web: shared UI strings,,,
common.demoBadgeTip,apps/web/src/i18n/te.json,Sample data. The live server isn't connected.,నమూనా డేటా. లైవ్ సర్వర్ కనెక్ట్ కాలేదు.,web: shared UI strings,,,
common.m3Help,apps/web/src/i18n/te.json,"1 m³ = 1,000 litres","1 మీ³ = 1,000 లీటర్లు",web: shared UI strings,,,
common.loading,apps/web/src/i18n/te.json,Loading…,లోడ్ అవుతోంది…,web: shared UI strings,,,
common.loadError,apps/web/src/i18n/te.json,Something went wrong while loading. Please try again.,లోడ్ చేయడంలో తప్పు జరిగింది. మళ్లీ ప్రయత్నించండి.,web: shared UI strings,,,
common.retry,apps/web/src/i18n/te.json,Try again,మళ్లీ ప్రయత్నించండి,web: shared UI strings,,,
common.cancel,apps/web/src/i18n/te.json,Cancel,వద్దు,web: shared UI strings,,,
common.working,apps/web/src/i18n/te.json,Working…,జరుగుతోంది…,web: shared UI strings,,,
common.yes,apps/web/src/i18n/te.json,Yes,అవును,web: shared UI strings,,,
common.no,apps/web/src/i18n/te.json,No,కాదు,web: shared UI strings,,,
common.backHome,apps/web/src/i18n/te.json,Back to home,హోమ్‌కు వెళ్ళండి,web: shared UI strings,,,
common.notFoundTitle,apps/web/src/i18n/te.json,Page not found,ఈ పేజీ లేదు,web: shared UI strings,,,
common.notFoundBody,apps/web/src/i18n/te.json,This page does not exist. Use the menu above to continue.,ఈ పేజీ లేదు. పైన ఉన్న మెనూ వాడండి.,web: shared UI strings,,,
common.connect.confirmStep,apps/web/src/i18n/te.json,{action}: step {step} of 2,{action}: {step} / 2 వ దశ,web: shared UI strings,,,
common.connect.confirmArmed,apps/web/src/i18n/te.json,1,1,web: shared UI strings,te_equals_en,,
common.connect.confirmConfirm,apps/web/src/i18n/te.json,Step 2 of 2: choose an option below to finish.,2 / 2 వ దశ: పూర్తి చేయడానికి కింద ఒక ఎంపిక ఎంచుకోండి.,web: shared UI strings,,,
common.connect.confirmAsking,apps/web/src/i18n/te.json,Please confirm: {question},దయచేసి నిర్ధారించండి: {question},web: shared UI strings,,,
fixture.reasonMaizeTasseling,apps/web/src/i18n/te.json,My maize is tasseling and the leaves are rolling in the heat.,"మా మొక్కజొన్న పూత దశలో ఉంది, ఎండకు ఆకులు ముడుచుకుంటున్నాయి.",web demo fixture: seeded request reasons,,,
fixture.reasonTailShortTurn,apps/web/src/i18n/te.json,My field at the tail end got a short turn.,చివరి పొలానికి ఈ వంతులో తక్కువ సమయం దక్కింది.,web demo fixture: seeded request reasons,,,
fixture.reasonWaterNeeded,apps/web/src/i18n/te.json,Water needed for my crop.,నా పంటకు నీరు కావాలి.,web demo fixture: seeded request reasons,,,
fixture.reasonPaddyFlowering,apps/web/src/i18n/te.json,"I need water urgently, my paddy is flowering.","నాకు అత్యవసరంగా నీరు కావాలి, వరి పూత దశలో ఉంది.",web demo fixture: seeded request reasons,,,
fixture.noteTailShort,apps/web/src/i18n/te.json,Tail end was short last turn.,గత వంతులో చివరి పొలానికి తక్కువ సమయం దక్కింది.,web demo fixture: seeded request reasons,,,
crop.rice,apps/web/src/i18n/te.json,Rice,వరి,web vocabulary: crop names,,,
crop.maize,apps/web/src/i18n/te.json,Maize,మొక్కజొన్న,web vocabulary: crop names,,,
crop.groundnut,apps/web/src/i18n/te.json,Groundnut,వేరుశనగ,web vocabulary: crop names,,,
crop.cotton,apps/web/src/i18n/te.json,Cotton,పత్తి,web vocabulary: crop names,,,
crop.chilli,apps/web/src/i18n/te.json,Chilli,మిరప,web vocabulary: crop names,,,
crop.sugarcane,apps/web/src/i18n/te.json,Sugarcane,చెరకు,web vocabulary: crop names,,,
crop.greengram,apps/web/src/i18n/te.json,Green gram,పెసలు,web vocabulary: crop names,,,
crop.blackgram,apps/web/src/i18n/te.json,Black gram,మినుములు,web vocabulary: crop names,,,
crop.redgram,apps/web/src/i18n/te.json,Red gram,కందులు,web vocabulary: crop names,,,
crop.chickpea,apps/web/src/i18n/te.json,Chickpea,శనగలు,web vocabulary: crop names,,,
soil.sand,apps/web/src/i18n/te.json,Sandy soil,ఇసుక నేల,web vocabulary: soil types,,,
soil.loamy_sand,apps/web/src/i18n/te.json,Loamy sand,ఇసుక ఎక్కువ ఉన్న గరప నేల,web vocabulary: soil types,,,
soil.sandy_loam,apps/web/src/i18n/te.json,Sandy loam,ఇసుక కలిసిన గరప నేల,web vocabulary: soil types,,,
soil.loam,apps/web/src/i18n/te.json,Loam,గరప నేల,web vocabulary: soil types,,,
soil.silt_loam,apps/web/src/i18n/te.json,Silty loam,ఒండ్రు గరప నేల,web vocabulary: soil types,,,
soil.clay_loam,apps/web/src/i18n/te.json,Clay loam,బంక కలిసిన గరప నేల,web vocabulary: soil types,,,
soil.clay,apps/web/src/i18n/te.json,Clay soil,బంక మట్టి నేల,web vocabulary: soil types,,,
channel.voice,apps/web/src/i18n/te.json,phone call,ఫోన్ కాల్,web vocabulary: contact channels,,,
channel.whatsapp,apps/web/src/i18n/te.json,WhatsApp,వాట్సాప్,web vocabulary: contact channels,,,
channel.sms,apps/web/src/i18n/te.json,text message,సందేశం,web vocabulary: contact channels,,,
channel.portal,apps/web/src/i18n/te.json,website,వెబ్‌సైట్,web vocabulary: contact channels,,,
reqType.urgent,apps/web/src/i18n/te.json,Urgent,అత్యవసరం,web vocabulary: request types,,,
reqType.buffer,apps/web/src/i18n/te.json,Shared pool,ఉమ్మడి నిల్వ,web vocabulary: request types,,,
reqType.release_to_buffer,apps/web/src/i18n/te.json,Given back to the pool,నిల్వకు తిరిగి ఇచ్చింది,web vocabulary: request types,,,
reqType.harvest_exit,apps/web/src/i18n/te.json,Harvest finished,కోత పూర్తయింది,web vocabulary: request types,,,
reqStatus.raised,apps/web/src/i18n/te.json,Waiting for decision,నిర్ణయం కోసం వేచి ఉంది,web vocabulary: request statuses,,,
reqStatus.triaged,apps/web/src/i18n/te.json,Waiting for decision,నిర్ణయం కోసం వేచి ఉంది,web vocabulary: request statuses,,,
reqStatus.recommended,apps/web/src/i18n/te.json,Waiting for decision,నిర్ణయం కోసం వేచి ఉంది,web vocabulary: request statuses,,,
reqStatus.approved,apps/web/src/i18n/te.json,Approved,ఆమోదించారు,web vocabulary: request statuses,,,
reqStatus.rejected,apps/web/src/i18n/te.json,Not approved,ఆమోదించలేదు,web vocabulary: request statuses,,,
reqStatus.scheduled,apps/web/src/i18n/te.json,Turn planned,వంతు ఖరారైంది,web vocabulary: request statuses,,,
reqStatus.released,apps/web/src/i18n/te.json,Water released,నీరు విడుదలైంది,web vocabulary: request statuses,,,
reqStatus.delivered,apps/web/src/i18n/te.json,Delivered,నీరు అందింది,web vocabulary: request statuses,,,
reqStatus.confirmed,apps/web/src/i18n/te.json,Confirmed,ధృవీకరించారు,web vocabulary: request statuses,,,
reqStatus.cancelled,apps/web/src/i18n/te.json,Cancelled,రద్దయింది,web vocabulary: request statuses,,,
reqStatus.expired,apps/web/src/i18n/te.json,Expired,గడువు ముగిసింది,web vocabulary: request statuses,,,
footer.text,apps/web/src/i18n/te.json,Jadal helps a village committee share canal water fairly.,కాలువ నీటిని న్యాయంగా పంచడానికి జాదల్ ఊరి కమిటీకి సహాయం చేస్తుంది.,web footer,,,
home.eyebrow,apps/web/src/i18n/te.json,Canal water sharing,కాలువ నీటి పంపిణీ,web home page,,,
home.title,apps/web/src/i18n/te.json,"Canal water shared by volume, not by hours.","కాలువ నీరు గంటల లెక్కన కాదు, ఘనపు మీటర్ల లెక్కన పంచుతాం.",web home page,,,
home.subtitle,apps/web/src/i18n/te.json,"Jadal plans each farm's share of canal water in cubic metres, works out how long each turn should run, and phones every farmer in Telugu. The coordinator approves every plan.","జాదల్ ప్రతి పొలానికి రావాల్సిన కాలువ నీటిని ఘనపు మీటర్లలో లెక్కిస్తుంది, ప్రతి వంతు ఎంత సేపు ఉండాలో తేలుస్తుంది, ప్రతి రైతుకు తెలుగులో ఫోన్ చేస్తుంది. ప్రతి ప్రణాళికను సమన్వయకర్త ఆమోదిస్తారు.",web home page,,,
home.ctaDemo,apps/web/src/i18n/te.json,Watch the demo,డెమో చూడండి,web home page,,,
home.ctaFarmer,apps/web/src/i18n/te.json,Open the farmer view,రైతు పేజీ తెరవండి,web home page,,,
home.flowTitle,apps/web/src/i18n/te.json,How it works,ఇది ఎలా పనిచేస్తుంది,web home page,,,
home.step1,apps/web/src/i18n/te.json,Farmers register their land and crops.,"రైతులు తమ భూమి, పంటలను నమోదు చేస్తారు.",web home page,,,
home.step2,apps/web/src/i18n/te.json,Jadal works out how much water each crop needs this week.,ఈ వారం ప్రతి పంటకు ఎంత నీరు కావాలో జాదల్ లెక్కిస్తుంది.,web home page,,,
home.step3,apps/web/src/i18n/te.json,The coordinator checks and approves the plan.,సమన్వయకర్త చూసి ప్రణాళికను ఆమోదిస్తారు.,web home page,,,
home.step4,apps/web/src/i18n/te.json,Each farm gets a turn long enough to receive its share.,ప్రతి పొలానికి తన వాటా అందేంత సేపు వంతు ఇస్తారు.,web home page,,,
home.step5,apps/web/src/i18n/te.json,Every farmer gets a phone call with the turn time.,ప్రతి రైతుకు వంతు సమయంతో ఫోన్ కాల్ వస్తుంది.,web home page,,,
home.step6,apps/web/src/i18n/te.json,Every cubic metre is written in the water accounts.,ప్రతి ఘనపు మీటరు నీటి లెక్కల్లో నమోదవుతుంది.,web home page,,,
home.loopLabel,apps/web/src/i18n/te.json,"Urgent requests, rain and harvests change the plan, and Jadal re-plans.","అత్యవసర అభ్యర్థనలు, వర్షం, కోతలతో ప్రణాళిక మారుతుంది, జాదల్ మళ్లీ ప్లాన్ చేస్తుంది.",web home page,,,
home.portalsTitle,apps/web/src/i18n/te.json,Where to go,ఎక్కడికి వెళ్ళాలి,web home page,,,
home.farmerCardTitle,apps/web/src/i18n/te.json,Farmer,రైతు,web home page,,,
home.farmerCardBody,apps/web/src/i18n/te.json,"Check your next turn, ask for extra water or register your land.","మీ తర్వాతి వంతు చూడండి, అదనపు నీరు అడగండి, మీ భూమిని నమోదు చేయండి.",web home page,,,
home.coordinatorCardTitle,apps/web/src/i18n/te.json,Coordinator,సమన్వయకర్త,web home page,,,
home.coordinatorCardBody,apps/web/src/i18n/te.json,"Check farmers, approve plans and answer requests.","రైతులను చూడండి, ప్రణాళికలను ఆమోదించండి, అభ్యర్థనలకు జవాబు ఇవ్వండి.",web home page,,,
home.canalCardTitle,apps/web/src/i18n/te.json,Canal,కాలువ,web home page,,,
home.canalCardBody,apps/web/src/i18n/te.json,See how far the water travels and which farms are left short.,"నీరు ఎంత దూరం వెళ్తుందో, ఏ పొలాలకు తక్కువ అందుతుందో చూడండి.",web home page,,,
home.phoneCardTitle,apps/web/src/i18n/te.json,Phone,ఫోన్,web home page,,,
home.phoneCardBody,apps/web/src/i18n/te.json,Hear the call a farmer gets about the next turn.,తర్వాతి వంతు గురించి రైతుకు వచ్చే కాల్ వినండి.,web home page,,,
home.demoCardTitle,apps/web/src/i18n/te.json,Demo,డెమో,web home page,,,
home.demoCardBody,apps/web/src/i18n/te.json,Follow the whole story in about three minutes.,మొత్తం కథను మూడు నిమిషాల్లో చూడండి.,web home page,,,
home.openLabel,apps/web/src/i18n/te.json,Open,తెరవండి,web home page,,,
home.principle,apps/web/src/i18n/te.json,Software suggests. The coordinator decides.,సాఫ్ట్‌వేర్ సూచిస్తుంది. సమన్వయకర్త నిర్ణయిస్తారు.,web home page,,,
home.videoLabel,apps/web/src/i18n/te.json,Jadal launch film,జాదల్ ప్రారంభ చిత్రం,web home page,,,
home.videoPlay,apps/web/src/i18n/te.json,Play the film,చిత్రం ప్రారంభించండి,web home page,,,
page.farmer.eyebrow,apps/web/src/i18n/te.json,Farmer,రైతు,web: page titles,,,
page.farmer.title,apps/web/src/i18n/te.json,My water,నా నీరు,web: page titles,,,
page.farmer.lead,apps/web/src/i18n/te.json,"See your next turn, ask for extra water and register your land.","మీ తర్వాతి వంతు చూడండి, అదనపు నీరు అడగండి, మీ భూమిని నమోదు చేయండి.",web: page titles,,,
page.coordinator.eyebrow,apps/web/src/i18n/te.json,Coordinator,సమన్వయకర్త,web: page titles,,,
page.coordinator.title,apps/web/src/i18n/te.json,Coordinator console,సమన్వయకర్త పేజీ,web: page titles,,,
page.coordinator.lead,apps/web/src/i18n/te.json,Approve what Jadal proposes. Nothing reaches a farmer until you do.,జాదల్ సూచించినవి ఆమోదించండి. మీరు ఆమోదించే వరకు రైతుకు ఏదీ చేరదు.,web: page titles,,,
page.canal.eyebrow,apps/web/src/i18n/te.json,Canal,కాలువ,web: page titles,,,
page.canal.title,apps/web/src/i18n/te.json,Canal water map,కాలువ నీటి పటం,web: page titles,,,
page.canal.lead,apps/web/src/i18n/te.json,See how far the water travels and which farms are left short.,"నీరు ఎంత దూరం వెళ్తుందో, ఏ పొలాలకు తక్కువ అందుతుందో చూడండి.",web: page titles,,,
page.phone.eyebrow,apps/web/src/i18n/te.json,Phone,ఫోన్,web: page titles,,,
page.phone.title,apps/web/src/i18n/te.json,Simulated phone call,నమూనా ఫోన్ కాల్,web: page titles,,,
page.phone.lead,apps/web/src/i18n/te.json,"The call a farmer gets about the next turn. Try it here, no phone line needed.",తర్వాతి వంతు గురించి రైతుకు వచ్చే కాల్. ఫోన్ లైన్ లేకుండా ఇక్కడే ప్రయత్నించండి.,web: page titles,,,
page.demo.eyebrow,apps/web/src/i18n/te.json,Demo,డెమో,web: page titles,,,
page.demo.title,apps/web/src/i18n/te.json,Demo walkthrough,డెమో నడక,web: page titles,,,
page.demo.lead,apps/web/src/i18n/te.json,"Follow one week on the canal in six steps. Press Start, then run each step.","కాలువ మీద ఒక వారం కథను ఆరు దశల్లో చూడండి. ముందు మొదలు పెట్టండి నొక్కండి, తర్వాత ఒక్కో దశను నడపండి.",web: page titles,,,
farmer.someone,apps/web/src/i18n/te.json,A farmer,ఒక రైతు,web farmer portal: shared,,,
farmer.showingFor,apps/web/src/i18n/te.json,Showing water for,ఈ రైతు నీరు చూపిస్తోంది,web farmer portal: shared,,,
farmer.tabs.mywater,apps/web/src/i18n/te.json,My water,నా నీరు,web farmer portal: shared,,,
farmer.tabs.ask,apps/web/src/i18n/te.json,Ask for water,నీరు అడగండి,web farmer portal: shared,,,
farmer.tabs.pool,apps/web/src/i18n/te.json,Shared pool,ఉమ్మడి నిల్వ,web farmer portal: shared,,,
farmer.tabs.register,apps/web/src/i18n/te.json,Register,నమోదు,web farmer portal: shared,,,
mywater.nextTurn,apps/web/src/i18n/te.json,Your next turn,మీ తర్వాతి వంతు,web farmer portal: My Water,,,
mywater.turnLine,apps/web/src/i18n/te.json,{when} at {outlet},"{when}, {outlet} దగ్గర",web farmer portal: My Water,,,
mywater.turnConfirmed,apps/web/src/i18n/te.json,Confirmed by the coordinator,సమన్వయకర్త ఖరారు చేశారు,web farmer portal: My Water,,,
mywater.turnPlanned,apps/web/src/i18n/te.json,"Planned, waiting for approval","ప్రణాళిక వేశాం, ఆమోదం కోసం వేచి ఉంది",web farmer portal: My Water,,,
mywater.turnWater,apps/web/src/i18n/te.json,About {m3} flows through your outlet during this turn.,ఈ వంతులో మీ ఔట్‌లెట్ నుంచి సుమారు {m3} నీరు వస్తుంది.,web farmer portal: My Water,,,
mywater.turnWhyShare,apps/web/src/i18n/te.json,Your field's share this week is {share}. More water leaves the outlet because some soaks into the channel on the way.,ఈ వారం మీ పొలం వాటా {share}. దారిలో కొంత నీరు ఇంటిపోతుంది కాబట్టి ఔట్‌లెట్ నుంచి అంతకంటే ఎక్కువ నీరు వదులుతుంది.,web farmer portal: My Water,,,
mywater.turnWhyNoShare,apps/web/src/i18n/te.json,"More water leaves the outlet than reaches your field, because some soaks into the channel on the way.",దారిలో కొంత నీరు ఇంటిపోతుంది కాబట్టి మీ పొలానికి చేరే దానికంటే ఔట్‌లెట్ నుంచి ఎక్కువ నీరు వదులుతుంది.,web farmer portal: My Water,,,
mywater.noTurnTitle,apps/web/src/i18n/te.json,No turn planned yet,ఇంకా వంతు ఖరారు కాలేదు,web farmer portal: My Water,,,
mywater.noTurnBody,apps/web/src/i18n/te.json,Your turn appears here once the coordinator approves the schedule. You will also get a phone call.,సమన్వయకర్త పట్టికను ఆమోదించాక మీ వంతు ఇక్కడ కనిపిస్తుంది. మీకు ఫోన్ కాల్ కూడా వస్తుంది.,web farmer portal: My Water,,,
mywater.thisWeek,apps/web/src/i18n/te.json,This week,ఈ వారం,web farmer portal: My Water,,,
mywater.planned,apps/web/src/i18n/te.json,{m3} planned,{m3} కేటాయింపు,web farmer portal: My Water,,,
mywater.shareStatus.proposed,apps/web/src/i18n/te.json,Waiting for the coordinator to approve this.,సమన్వయకర్త ఆమోదం కోసం వేచి ఉంది.,web farmer portal: My Water,,,
mywater.shareStatus.approved,apps/web/src/i18n/te.json,The coordinator has approved this.,సమన్వయకర్త దీన్ని ఆమోదించారు.,web farmer portal: My Water,,,
mywater.shareStatus.edited,apps/web/src/i18n/te.json,The coordinator changed this amount and approved it.,సమన్వయకర్త ఈ మొత్తాన్ని మార్చి ఆమోదించారు.,web farmer portal: My Water,,,
mywater.need,apps/web/src/i18n/te.json,Your crops need about {mm} mm more water this week.,ఈ వారం మీ పంటలకు ఇంకా సుమారు {mm} మి.మీ. నీరు కావాలి.,web farmer portal: My Water,,,
mywater.needCrop,apps/web/src/i18n/te.json,Needs about {mm} mm this week,ఈ వారం సుమారు {mm} మి.మీ. కావాలి,web farmer portal: My Water,,,
mywater.mmHelp,apps/web/src/i18n/te.json,1 mm of water over one hectare is 10 m³.,ఒక హెక్టారు మీద 1 మి.మీ. నీరు అంటే 10 మీ³.,web farmer portal: My Water,,,
mywater.weekOf,apps/web/src/i18n/te.json,Week starting {day},{day} నుంచి మొదలయ్యే వారం,web farmer portal: My Water,,,
mywater.noShareTitle,apps/web/src/i18n/te.json,No water planned yet,ఇంకా నీరు కేటాయించలేదు,web farmer portal: My Water,,,
mywater.noShareBody,apps/web/src/i18n/te.json,The coordinator plans your weekly water after checking your registration.,మీ నమోదును చూసిన తర్వాత సమన్వయకర్త వారపు నీటిని కేటాయిస్తారు.,web farmer portal: My Water,,,
mywater.season,apps/web/src/i18n/te.json,Season quota,సీజన్ కోటా,web farmer portal: My Water,,,
mywater.quotaUsed,apps/web/src/i18n/te.json,{used} used of your {quota} quota,మీ {quota} కోటాలో {used} వాడారు,web farmer portal: My Water,,,
mywater.notStarted,apps/web/src/i18n/te.json,Nothing delivered yet. We start counting after your first turn.,ఇంకా నీరు అందలేదు. మీ మొదటి వంతు తర్వాత లెక్క మొదలవుతుంది.,web farmer portal: My Water,,,
mywater.needMet,apps/web/src/i18n/te.json,So far your crops have got {pct} of the water they need.,ఇప్పటివరకు మీ పంటలకు కావాల్సిన నీటిలో {pct} అందింది.,web farmer portal: My Water,,,
mywater.noQuotaTitle,apps/web/src/i18n/te.json,No season quota yet,ఇంకా సీజన్ కోటా లేదు,web farmer portal: My Water,,,
mywater.noQuotaBody,apps/web/src/i18n/te.json,Your quota is set once the coordinator approves your registration.,సమన్వయకర్త మీ నమోదును ఆమోదించాక కోటా నిర్ణయమవుతుంది.,web farmer portal: My Water,,,
mywater.land,apps/web/src/i18n/te.json,Your land,మీ భూమి,web farmer portal: My Water,,,
mywater.plotLine,apps/web/src/i18n/te.json,{area} ha at {outlet},{outlet} దగ్గర {area} హెక్టార్లు,web farmer portal: My Water,,,
mywater.cropLine,apps/web/src/i18n/te.json,"{crop}, sown {date}","{crop}, {date} న విత్తారు",web farmer portal: My Water,,,
mywater.noLandTitle,apps/web/src/i18n/te.json,No land on record,భూమి వివరాలు లేవు,web farmer portal: My Water,,,
mywater.noLandBody,apps/web/src/i18n/te.json,Register your land and crops on the Register tab.,"నమోదు ట్యాబ్‌లో మీ భూమి, పంటలను నమోదు చేయండి.",web farmer portal: My Water,,,
mywater.askTitle,apps/web/src/i18n/te.json,Is your crop short of water?,మీ పంటకు నీరు తక్కువైందా?,web farmer portal: My Water,,,
mywater.askBody,apps/web/src/i18n/te.json,Ask the committee for extra water.,కమిటీని అదనపు నీరు అడగండి.,web farmer portal: My Water,,,
mywater.askButton,apps/web/src/i18n/te.json,Ask for water,నీరు అడగండి,web farmer portal: My Water,,,
mywater.noFarmerTitle,apps/web/src/i18n/te.json,No farmers to show yet,చూపించడానికి రైతులు లేరు,web farmer portal: My Water,,,
mywater.noFarmerBody,apps/web/src/i18n/te.json,Register a farmer first. The coordinator checks the registration before water is planned.,ముందు ఒక రైతును నమోదు చేయండి. నీరు కేటాయించే ముందు సమన్వయకర్త నమోదును చూస్తారు.,web farmer portal: My Water,,,
mywater.checkAgain,apps/web/src/i18n/te.json,Check for approval again,ఆమోదం కోసం మళ్లీ చూడండి,web farmer portal: My Water,,,
register.title,apps/web/src/i18n/te.json,Register your land and crops,"మీ భూమి, పంటలను నమోదు చేయండి",web farmer portal: registration form,,,
register.intro,apps/web/src/i18n/te.json,Fill this in once a season. The coordinator checks it before you get any water.,సీజన్‌కు ఒకసారి ఇది నింపండి. నీరు ఇచ్చే ముందు సమన్వయకర్త దీన్ని చూస్తారు.,web farmer portal: registration form,,,
register.choose,apps/web/src/i18n/te.json,Choose…,ఎంచుకోండి…,web farmer portal: registration form,,,
register.name,apps/web/src/i18n/te.json,Your full name,మీ పూర్తి పేరు,web farmer portal: registration form,,,
register.phone,apps/web/src/i18n/te.json,Mobile number,మొబైల్ నంబర్,web farmer portal: registration form,,,
register.prefLang,apps/web/src/i18n/te.json,Language for calls,కాల్స్ ఏ భాషలో కావాలి,web farmer portal: registration form,,,
register.outlet,apps/web/src/i18n/te.json,Your outlet on the canal,కాలువపై మీ ఔట్‌లెట్,web farmer portal: registration form,,,
register.plotArea,apps/web/src/i18n/te.json,Plot size (hectares),పొలం విస్తీర్ణం (హెక్టార్లు),web farmer portal: registration form,,,
register.soil,apps/web/src/i18n/te.json,Soil type,నేల రకం,web farmer portal: registration form,,,
register.cropsTitle,apps/web/src/i18n/te.json,Crops on this plot,ఈ పొలంలో పంటలు,web farmer portal: registration form,,,
register.cropsHint,apps/web/src/i18n/te.json,You can grow more than one crop on a plot. The shares must add up to 100% or less.,ఒక పొలంలో ఒకటి కంటే ఎక్కువ పంటలు వేయవచ్చు. వాటాలు కలిపి 100% లేదా అంతకంటే తక్కువ ఉండాలి.,web farmer portal: registration form,,,
register.crop,apps/web/src/i18n/te.json,Crop,పంట,web farmer portal: registration form,,,
register.sowingDate,apps/web/src/i18n/te.json,Sowing date,విత్తిన తేదీ,web farmer portal: registration form,,,
register.areaShare,apps/web/src/i18n/te.json,Share of the plot (%),పొలంలో వాటా (%),web farmer portal: registration form,,,
register.addCrop,apps/web/src/i18n/te.json,Add another crop,మరో పంట జోడించండి,web farmer portal: registration form,,,
register.removeCrop,apps/web/src/i18n/te.json,Remove this crop,ఈ పంటను తీసివేయండి,web farmer portal: registration form,,,
register.shareTotal,apps/web/src/i18n/te.json,Total share: {n}%,మొత్తం వాటా: {n}%,web farmer portal: registration form,,,
register.submit,apps/web/src/i18n/te.json,Send registration,నమోదు పంపండి,web farmer portal: registration form,,,
register.success,apps/web/src/i18n/te.json,Registration sent for {name}.,{name} నమోదు పంపాం.,web farmer portal: registration form,,,
register.successDetail,apps/web/src/i18n/te.json,The coordinator will check it before the first turn.,మొదటి వంతుకు ముందు సమన్వయకర్త దీన్ని చూస్తారు.,web farmer portal: registration form,,,
register.nextTitle,apps/web/src/i18n/te.json,What happens next,తర్వాత ఏం జరుగుతుంది,web farmer portal: registration form,,,
register.next1,apps/web/src/i18n/te.json,You send this form.,మీరు ఈ ఫారం పంపుతారు.,web farmer portal: registration form,,,
register.next2,apps/web/src/i18n/te.json,The coordinator checks your details.,సమన్వయకర్త మీ వివరాలు చూస్తారు.,web farmer portal: registration form,,,
register.next3,apps/web/src/i18n/te.json,You get a phone call with your turn time.,మీ వంతు సమయంతో మీకు ఫోన్ కాల్ వస్తుంది.,web farmer portal: registration form,,,
register.errName,apps/web/src/i18n/te.json,Enter your name.,మీ పేరు రాయండి.,web farmer portal: registration form,,,
register.errPhone,apps/web/src/i18n/te.json,Enter a phone number with at least 10 digits.,కనీసం 10 అంకెల ఫోన్ నంబర్ రాయండి.,web farmer portal: registration form,,,
register.errOutlet,apps/web/src/i18n/te.json,Choose your outlet.,మీ ఔట్‌లెట్ ఎంచుకోండి.,web farmer portal: registration form,,,
register.errSoil,apps/web/src/i18n/te.json,Choose your soil type.,నేల రకం ఎంచుకోండి.,web farmer portal: registration form,,,
register.errArea,apps/web/src/i18n/te.json,Plot size must be more than 0.,పొలం విస్తీర్ణం 0 కంటే ఎక్కువ ఉండాలి.,web farmer portal: registration form,,,
register.errCrop,apps/web/src/i18n/te.json,Choose a crop in every row.,ప్రతి వరుసలో పంట ఎంచుకోండి.,web farmer portal: registration form,,,
register.errSowing,apps/web/src/i18n/te.json,Enter a sowing date that is not in the future.,విత్తిన తేదీ రాయండి. అది భవిష్యత్తులో ఉండకూడదు.,web farmer portal: registration form,,,
register.errShare,apps/web/src/i18n/te.json,Each share must be between 1 and 100.,ప్రతి వాటా 1 నుంచి 100 మధ్య ఉండాలి.,web farmer portal: registration form,,,
register.errShareSum,apps/web/src/i18n/te.json,The shares add up to more than 100%.,వాటాలు కలిపి 100% కంటే ఎక్కువైంది.,web farmer portal: registration form,,,
ask.title,apps/web/src/i18n/te.json,Ask for extra water,అదనపు నీరు అడగండి,web farmer portal: ask for water,,,
ask.intro,apps/web/src/i18n/te.json,Say how much you need and why. The coordinator decides.,"మీకు ఎంత కావాలో, ఎందుకో చెప్పండి. సమన్వయకర్త నిర్ణయిస్తారు.",web farmer portal: ask for water,,,
ask.type,apps/web/src/i18n/te.json,Where should the water come from?,నీరు ఎక్కడి నుంచి కావాలి?,web farmer portal: ask for water,,,
ask.types.urgent.title,apps/web/src/i18n/te.json,From my own quota,నా సొంత కోటా నుంచి,web farmer portal: ask for water,,,
ask.types.urgent.body,apps/web/src/i18n/te.json,You get water sooner. It is taken out of your later turns.,నీరు త్వరగా వస్తుంది. తర్వాతి వంతుల నుంచి తగ్గిస్తారు.,web farmer portal: ask for water,,,
ask.types.buffer.title,apps/web/src/i18n/te.json,From the shared pool,ఉమ్మడి నిల్వ నుంచి,web farmer portal: ask for water,,,
ask.types.buffer.body,apps/web/src/i18n/te.json,Water kept back for all farmers. The coordinator decides.,రైతులందరి కోసం దాచిన నీరు. సమన్వయకర్త నిర్ణయిస్తారు.,web farmer portal: ask for water,,,
ask.crop,apps/web/src/i18n/te.json,Which crop?,ఏ పంటకు?,web farmer portal: ask for water,,,
ask.allCrops,apps/web/src/i18n/te.json,All my crops,నా పంటలన్నిటికీ,web farmer portal: ask for water,,,
ask.cropOption,apps/web/src/i18n/te.json,"{crop}, sown {date}","{crop}, {date} న విత్తారు",web farmer portal: ask for water,,,
ask.volume,apps/web/src/i18n/te.json,How much water (m³),ఎంత నీరు కావాలి (మీ³),web farmer portal: ask for water,,,
ask.reason,apps/web/src/i18n/te.json,Why do you need it?,ఎందుకు కావాలి?,web farmer portal: ask for water,,,
ask.reasonHint,apps/web/src/i18n/te.json,For example: my rice is flowering and the field is drying out.,"ఉదాహరణ: నా వరి పూత దశలో ఉంది, పొలం ఎండిపోతోంది.",web farmer portal: ask for water,,,
ask.submit,apps/web/src/i18n/te.json,Send request,అభ్యర్థన పంపండి,web farmer portal: ask for water,,,
ask.success,apps/web/src/i18n/te.json,"Request sent. The coordinator will decide, and you will get a call.","అభ్యర్థన పంపాం. సమన్వయకర్త నిర్ణయిస్తారు, మీకు కాల్ వస్తుంది.",web farmer portal: ask for water,,,
ask.mineTitle,apps/web/src/i18n/te.json,Your requests,మీ అభ్యర్థనలు,web farmer portal: ask for water,,,
ask.mineEmptyTitle,apps/web/src/i18n/te.json,You haven't asked for water yet,మీరు ఇంకా నీరు అడగలేదు,web farmer portal: ask for water,,,
ask.mineEmptyBody,apps/web/src/i18n/te.json,"When you send a request, you can follow its answer here.","అభ్యర్థన పంపితే, దానికి వచ్చిన జవాబు ఇక్కడ కనిపిస్తుంది.",web farmer portal: ask for water,,,
ask.mineLine,apps/web/src/i18n/te.json,{type}: {m3},{type}: {m3},web farmer portal: ask for water,te_equals_en,,
ask.decisionApproved,apps/web/src/i18n/te.json,Approved {m3}.,{m3} ఆమోదించారు.,web farmer portal: ask for water,,,
ask.decisionRejected,apps/web/src/i18n/te.json,The coordinator did not approve this.,సమన్వయకర్త దీన్ని ఆమోదించలేదు.,web farmer portal: ask for water,,,
ask.errVolume,apps/web/src/i18n/te.json,Enter an amount of water more than 0.,0 కంటే ఎక్కువ నీటి మొత్తం రాయండి.,web farmer portal: ask for water,,,
ask.errReason,apps/web/src/i18n/te.json,Write a short reason.,చిన్న కారణం రాయండి.,web farmer portal: ask for water,,,
ask.urgentCallNote,apps/web/src/i18n/te.json,An urgent request also asks the agent to call you.,అత్యవసర అభ్యర్థన ఏజెంట్ మీకు కాల్ చేయమని కూడా కోరుతుంది.,web farmer portal: ask for water,,,
ask.callFailed,apps/web/src/i18n/te.json,"The request was raised, but the agent call could not be queued.","అభ్యర్థన నమోదైంది, కానీ ఏజెంట్ కాల్ క్యూలో చేరలేదు.",web farmer portal: ask for water,,,
ask.allocationLine,apps/web/src/i18n/te.json,You can use {m3} between {when}.,{when} మధ్య {m3} వాడుకోవచ్చు.,web farmer portal: ask for water,,,
pool.title,apps/web/src/i18n/te.json,Shared pool,ఉమ్మడి నిల్వ,web farmer portal: shared pool,,,
pool.intro,apps/web/src/i18n/te.json,"Some water is kept back for everyone. Every request and every decision is shown here, so all farmers can see it is fair.","కొంత నీరు అందరి కోసం దాచి ఉంచుతారు. ప్రతి అభ్యర్థన, ప్రతి నిర్ణయం ఇక్కడ కనిపిస్తాయి, కాబట్టి ఇది న్యాయంగా ఉందని రైతులందరూ చూడవచ్చు.",web farmer portal: shared pool,,,
pool.emptyTitle,apps/web/src/i18n/te.json,Nobody has asked the pool yet,ఇంకా ఎవరూ నిల్వ నుంచి అడగలేదు,web farmer portal: shared pool,,,
pool.emptyBody,apps/web/src/i18n/te.json,"When a farmer asks for pool water, the request and the coordinator's answer appear here.","ఏ రైతైనా నిల్వ నీరు అడిగితే, ఆ అభ్యర్థన, సమన్వయకర్త జవాబు ఇక్కడ కనిపిస్తాయి.",web farmer portal: shared pool,,,
pool.asked,apps/web/src/i18n/te.json,Asked for {m3},{m3} అడిగారు,web farmer portal: shared pool,,,
pool.reason,apps/web/src/i18n/te.json,Reason: {reason},కారణం: {reason},web farmer portal: shared pool,,,
pool.waiting,apps/web/src/i18n/te.json,Waiting for the coordinator.,సమన్వయకర్త కోసం వేచి ఉంది.,web farmer portal: shared pool,,,
pool.decisionApproved,apps/web/src/i18n/te.json,Approved {m3}.,{m3} ఆమోదించారు.,web farmer portal: shared pool,,,
pool.decisionRejected,apps/web/src/i18n/te.json,Not approved.,ఆమోదించలేదు.,web farmer portal: shared pool,,,
pool.note,apps/web/src/i18n/te.json,Note: {note},గమనిక: {note},web farmer portal: shared pool,,,
coord.tabs.requests,apps/web/src/i18n/te.json,Requests,అభ్యర్థనలు,web coordinator console,,,
coord.tabs.farmers,apps/web/src/i18n/te.json,Farmers,రైతులు,web coordinator console,,,
coord.tabs.entitlements,apps/web/src/i18n/te.json,Weekly shares,వారపు వాటాలు,web coordinator console,,,
coord.tabs.roster,apps/web/src/i18n/te.json,Turn schedule,వంతుల పట్టిక,web coordinator console,,,
coord.tabs.accounts,apps/web/src/i18n/te.json,Water accounts,నీటి లెక్కలు,web coordinator console,,,
coord.pendingCount,apps/web/src/i18n/te.json,{n} waiting,{n} వేచి ఉన్నాయి,web coordinator console,,,
coord.urgency.high,apps/web/src/i18n/te.json,Very urgent,చాలా అత్యవసరం,web coordinator console,,,
coord.urgency.mid,apps/web/src/i18n/te.json,Urgent,అత్యవసరం,web coordinator console,,,
coord.urgency.low,apps/web/src/i18n/te.json,Can wait,ఆగవచ్చు,web coordinator console,,,
coord.col.farmer,apps/web/src/i18n/te.json,Farmer,రైతు,web coordinator console,,,
coord.col.request,apps/web/src/i18n/te.json,Request,అభ్యర్థన,web coordinator console,,,
coord.col.asked,apps/web/src/i18n/te.json,Asked,అడిగింది,web coordinator console,,,
coord.col.result,apps/web/src/i18n/te.json,Result,ఫలితం,web coordinator console,,,
coord.col.crop,apps/web/src/i18n/te.json,Crop,పంట,web coordinator console,,,
coord.col.share,apps/web/src/i18n/te.json,Weekly share (m³),వారపు వాటా (మీ³),web coordinator console,,,
coord.col.need,apps/web/src/i18n/te.json,Crop need,పంటకు కావాల్సింది,web coordinator console,,,
coord.col.status,apps/web/src/i18n/te.json,Status,స్థితి,web coordinator console,,,
coord.col.outlet,apps/web/src/i18n/te.json,Outlet,ఔట్‌లెట్,web coordinator console,,,
coord.col.turn,apps/web/src/i18n/te.json,Turn,వంతు,web coordinator console,,,
coord.col.water,apps/web/src/i18n/te.json,Water,నీరు,web coordinator console,,,
coord.col.needMet,apps/web/src/i18n/te.json,Need met,అవసరం తీరింది,web coordinator console,,,
coord.col.land,apps/web/src/i18n/te.json,Land,భూమి,web coordinator console,,,
coord.col.quota,apps/web/src/i18n/te.json,Season quota,సీజన్ కోటా,web coordinator console,,,
coord.col.delivered,apps/web/src/i18n/te.json,Delivered,అందింది,web coordinator console,,,
coord.col.when,apps/web/src/i18n/te.json,When,ఎప్పుడు,web coordinator console,,,
coord.col.moved,apps/web/src/i18n/te.json,What moved,ఏది మారింది,web coordinator console,,,
coord.col.change,apps/web/src/i18n/te.json,Change,మార్చు,web coordinator console,,,
coord.col.alert,apps/web/src/i18n/te.json,Alert,సందేశం,web coordinator console,,,
coord.req.title,apps/web/src/i18n/te.json,Requests for extra water,అదనపు నీటి అభ్యర్థనలు,web coordinator console,,,
coord.req.sub,apps/web/src/i18n/te.json,Farmers ask for water outside their normal turn. Check each one and decide.,రైతులు తమ వంతు కాకుండా అదనపు నీరు అడుగుతారు. ఒక్కొక్కటి చూసి నిర్ణయించండి.,web coordinator console,,,
coord.req.emptyTitle,apps/web/src/i18n/te.json,No requests are waiting,వేచి ఉన్న అభ్యర్థనలు లేవు,web coordinator console,,,
coord.req.emptyBody,apps/web/src/i18n/te.json,"When a farmer asks for extra water, it appears here. You can try it from the Farmer screen.",ఏ రైతైనా అదనపు నీరు అడిగితే ఇక్కడ కనిపిస్తుంది. రైతు పేజీ నుంచి ప్రయత్నించవచ్చు.,web coordinator console,,,
coord.req.when,apps/web/src/i18n/te.json,"{when}, via {channel}","{when}, {channel} ద్వారా",web coordinator console,,,
coord.req.asks,apps/web/src/i18n/te.json,Asks for {m3},{m3} అడుగుతున్నారు,web coordinator console,,,
coord.req.reason,apps/web/src/i18n/te.json,Reason: {reason},కారణం: {reason},web coordinator console,,,
coord.req.suggest.approve,apps/web/src/i18n/te.json,Jadal suggests giving the full {m3}.,మొత్తం {m3} ఇవ్వమని జాదల్ సూచిస్తోంది.,web coordinator console,,,
coord.req.suggest.partial,apps/web/src/i18n/te.json,Jadal suggests giving {m3} of the {asked} asked.,అడిగిన {asked} లో {m3} ఇవ్వమని జాదల్ సూచిస్తోంది.,web coordinator console,,,
coord.req.suggest.reject,apps/web/src/i18n/te.json,Jadal suggests saying no.,వద్దని చెప్పమని జాదల్ సూచిస్తోంది.,web coordinator console,,,
coord.req.grantLabel,apps/web/src/i18n/te.json,Water to give (m³),ఇవ్వాల్సిన నీరు (మీ³),web coordinator console,,,
coord.req.approve,apps/web/src/i18n/te.json,Approve {m3},{m3} ఆమోదించండి,web coordinator console,,,
coord.req.approveAction,apps/web/src/i18n/te.json,Approve,ఆమోదించండి,web coordinator console,,,
coord.req.approveQuestion,apps/web/src/i18n/te.json,Give {name} {m3}? It will be taken {source}.,{name} కు {m3} ఇవ్వాలా? ఇది {source} తగ్గిస్తారు.,web coordinator console,,,
coord.req.approveYes,apps/web/src/i18n/te.json,"Yes, approve","అవును, ఆమోదించండి",web coordinator console,,,
coord.req.reject,apps/web/src/i18n/te.json,Say no,వద్దని చెప్పండి,web coordinator console,,,
coord.req.rejectAction,apps/web/src/i18n/te.json,Reject,వద్దని చెప్పండి,web coordinator console,,,
coord.req.rejectQuestion,apps/web/src/i18n/te.json,Say no to {name}?,{name} కు వద్దని చెప్పాలా?,web coordinator console,,,
coord.req.rejectYes,apps/web/src/i18n/te.json,"Yes, say no","అవును, వద్దని చెప్పండి",web coordinator console,,,
coord.req.fromQuota,apps/web/src/i18n/te.json,out of their later turns,వారి తర్వాతి వంతుల నుంచి,web coordinator console,,,
coord.req.fromPool,apps/web/src/i18n/te.json,from the shared pool,ఉమ్మడి నిల్వ నుంచి,web coordinator console,,,
coord.req.decidedTitle,apps/web/src/i18n/te.json,Already decided,ఇప్పటికే నిర్ణయించినవి,web coordinator console,,,
coord.req.resultApproved,apps/web/src/i18n/te.json,Approved {m3},{m3} ఆమోదించారు,web coordinator console,,,
coord.req.resultRejected,apps/web/src/i18n/te.json,Said no,వద్దన్నారు,web coordinator console,,,
coord.req.decideFailed,apps/web/src/i18n/te.json,That decision could not be saved. Please try again.,ఆ నిర్ణయాన్ని భద్రపరచలేకపోయాము. మళ్లీ ప్రయత్నించండి.,web coordinator console,,,
coord.req.dispatched,apps/web/src/i18n/te.json,The farmer was told by {channel}.,{channel} ద్వారా రైతుకు తెలియజేశాము.,web coordinator console,,,
coord.req.notDispatched,apps/web/src/i18n/te.json,Recorded. Nothing has been sent to the farmer yet. Use Alert this farmer to tell them.,నమోదైంది. రైతుకు ఇంకా ఏమీ పంపలేదు. తెలియజేయడానికి “ఈ రైతుకు సందేశం” వాడండి.,web coordinator console,,,
coord.req.refresh,apps/web/src/i18n/te.json,Check again,మళ్లీ చూడండి,web coordinator console,,,
coord.req.loading,apps/web/src/i18n/te.json,Checking for new requests…,కొత్త అభ్యర్థనలు చూస్తున్నాము…,web coordinator console,,,
coord.req.decideError,apps/web/src/i18n/te.json,That decision was not saved: {reason},ఆ నిర్ణయం భద్రపరచబడలేదు: {reason},web coordinator console,,,
coord.ent.title,apps/web/src/i18n/te.json,Weekly water shares,వారపు నీటి వాటాలు,web coordinator console,,,
coord.ent.sub,apps/web/src/i18n/te.json,"Jadal suggests how much water each crop gets this week. Change any amount, then approve.","ఈ వారం ప్రతి పంటకు ఎంత నీరు ఇవ్వాలో జాదల్ సూచిస్తుంది. ఏ మొత్తాన్నైనా మార్చి, తర్వాత ఆమోదించండి.",web coordinator console,,,
coord.ent.emptyTitle,apps/web/src/i18n/te.json,No weekly shares yet,ఇంకా వారపు వాటాలు లేవు,web coordinator console,,,
coord.ent.emptyBody,apps/web/src/i18n/te.json,Shares appear once farmers are registered and checked. Start with the Farmers tab.,"రైతులు నమోదై, చూసిన తర్వాత వాటాలు ఇక్కడ కనిపిస్తాయి. ముందు రైతులు ట్యాబ్ చూడండి.",web coordinator console,,,
coord.ent.emptyAction,apps/web/src/i18n/te.json,Go to Farmers,రైతుల ట్యాబ్‌కు వెళ్ళండి,web coordinator console,,,
coord.ent.refresh,apps/web/src/i18n/te.json,Check again,మళ్లీ చూడండి,web coordinator console,,,
coord.ent.week,apps/web/src/i18n/te.json,Week starting {day},{day} నుంచి మొదలయ్యే వారం,web coordinator console,,,
coord.ent.editLabel,apps/web/src/i18n/te.json,Weekly share for {name},{name} వారపు వాటా,web coordinator console,,,
coord.ent.status.proposed,apps/web/src/i18n/te.json,Suggested,సూచించినది,web coordinator console,,,
coord.ent.status.approved,apps/web/src/i18n/te.json,Approved,ఆమోదించారు,web coordinator console,,,
coord.ent.status.edited,apps/web/src/i18n/te.json,Changed and approved,మార్చి ఆమోదించారు,web coordinator console,,,
coord.ent.approve,apps/web/src/i18n/te.json,Approve weekly shares,వారపు వాటాలను ఆమోదించండి,web coordinator console,,,
coord.ent.approveQuestion,apps/web/src/i18n/te.json,Approve {n} weekly shares? Farmers see them right away.,{n} వారపు వాటాలను ఆమోదించాలా? రైతులకు వెంటనే కనిపిస్తాయి.,web coordinator console,,,
coord.ent.approveYes,apps/web/src/i18n/te.json,"Yes, approve","అవును, ఆమోదించండి",web coordinator console,,,
coord.ent.done,apps/web/src/i18n/te.json,{n} weekly shares approved.,{n} వారపు వాటాలను ఆమోదించారు.,web coordinator console,,,
coord.ent.allApproved,apps/web/src/i18n/te.json,All weekly shares are approved.,వారపు వాటాలన్నీ ఆమోదమయ్యాయి.,web coordinator console,,,
coord.ent.asideTitle,apps/web/src/i18n/te.json,How shares are worked out,వాటాలు ఎలా లెక్కిస్తారు,web coordinator console,,,
coord.ent.how,apps/web/src/i18n/te.json,"Each share comes from the crop's growth stage, this week's weather and the rain that has fallen.","ప్రతి వాటా పంట ఎదుగుదల దశ, ఈ వారం వాతావరణం, పడిన వర్షం ఆధారంగా వస్తుంది.",web coordinator console,,,
coord.ent.mmHelp,apps/web/src/i18n/te.json,Crop need is the depth of water the crop needs this week. 1 mm over one hectare is 10 m³.,పంటకు కావాల్సింది అంటే ఈ వారం పంటకు కావాల్సిన నీటి లోతు. ఒక హెక్టారు మీద 1 మి.మీ. అంటే 10 మీ³.,web coordinator console,,,
coord.ent.total,apps/web/src/i18n/te.json,Total for all farmers: {m3},రైతులందరికీ కలిపి: {m3},web coordinator console,,,
coord.ent.moreDetails,apps/web/src/i18n/te.json,More details,మరిన్ని వివరాలు,web coordinator console,,,
coord.roster.title,apps/web/src/i18n/te.json,Turn schedule,వంతుల పట్టిక,web coordinator console,,,
coord.roster.sub,apps/web/src/i18n/te.json,"Choose how to share one release of canal water. Farms at the tail end get less flow, so equal hours do not mean equal water.","ఒక నీటి విడుదలను ఎలా పంచాలో ఎంచుకోండి. చివరి పొలాలకు ప్రవాహం తక్కువ, కాబట్టి సమాన గంటలు అంటే సమాన నీరు కాదు.",web coordinator console,,,
coord.roster.window,apps/web/src/i18n/te.json,Release window:,విడుదల సమయం:,web coordinator console,,,
coord.roster.windowRange,apps/web/src/i18n/te.json,{start} to {end},{start} నుంచి {end} వరకు,web coordinator console,,,
coord.roster.headline,apps/web/src/i18n/te.json,With equal water the last farm gets {water} of its need. With equal hours it gets {hours}.,సమాన నీటితో చివరి పొలానికి అవసరంలో {water} అందుతుంది. సమాన గంటలతో {hours} మాత్రమే.,web coordinator console,,,
coord.roster.approvedAlready,apps/web/src/i18n/te.json,A schedule is already approved.,ఒక పట్టిక ఇప్పటికే ఆమోదమైంది.,web coordinator console,,,
coord.roster.approvedNotice,apps/web/src/i18n/te.json,Schedule approved. {n} farmers are being called with their turn times.,పట్టిక ఆమోదమైంది. {n} రైతులకు వంతు సమయాలతో కాల్ చేస్తున్నాం.,web coordinator console,,,
coord.roster.emptyTitle,apps/web/src/i18n/te.json,No schedule yet,ఇంకా పట్టిక లేదు,web coordinator console,,,
coord.roster.emptyBody,apps/web/src/i18n/te.json,Jadal proposes a schedule once a release window is announced. Check again in a moment.,నీటి విడుదల సమయం ప్రకటించాక జాదల్ పట్టికను సూచిస్తుంది. కొంచెం సేపటి తర్వాత మళ్లీ చూడండి.,web coordinator console,,,
coord.roster.emptyAction,apps/web/src/i18n/te.json,Check again,మళ్లీ చూడండి,web coordinator console,,,
coord.roster.recommended,apps/web/src/i18n/te.json,Fairer,న్యాయమైనది,web coordinator console,,,
coord.roster.approvedPill,apps/web/src/i18n/te.json,Approved,ఆమోదమైంది,web coordinator console,,,
coord.roster.tailGets,apps/web/src/i18n/te.json,Last farm gets,చివరి పొలానికి అందేది,web coordinator console,,,
coord.roster.gap,apps/web/src/i18n/te.json,Fairness gap (lower is fairer),అసమానత (తక్కువైతే న్యాయం),web coordinator console,,,
coord.roster.needMetLabel,apps/web/src/i18n/te.json,{pct} of need met,అవసరంలో {pct} తీరింది,web coordinator console,,,
coord.roster.approveQuestion,apps/web/src/i18n/te.json,Approve this schedule for {n} farmers? They are called right away.,ఈ పట్టికను {n} రైతులకు ఆమోదించాలా? వెంటనే కాల్స్ వెళ్తాయి.,web coordinator console,,,
coord.roster.approveYes,apps/web/src/i18n/te.json,"Yes, approve and call","అవును, ఆమోదించి కాల్ చేయండి",web coordinator console,,,
coord.roster.equal_water.title,apps/web/src/i18n/te.json,Equal water,సమాన నీరు,web coordinator console,,,
coord.roster.equal_water.body,apps/web/src/i18n/te.json,Each farm gets its share of water. Farms at the tail end run longer to make up for losses on the way.,ప్రతి పొలానికి దాని వాటా నీరు అందుతుంది. దారిలో పోయే నీటిని భర్తీ చేయడానికి చివరి పొలాలకు ఎక్కువ సేపు ఇస్తారు.,web coordinator console,,,
coord.roster.equal_water.approve,apps/web/src/i18n/te.json,Approve equal water,సమాన నీరు ఆమోదించండి,web coordinator console,,,
coord.roster.equal_hours.title,apps/web/src/i18n/te.json,Equal hours,సమాన గంటలు,web coordinator console,,,
coord.roster.equal_hours.body,apps/web/src/i18n/te.json,Every farm gets the same length of time. Farms at the tail end get less water.,ప్రతి పొలానికి ఒకే సేపు ఇస్తారు. చివరి పొలాలకు నీరు తక్కువ అందుతుంది.,web coordinator console,,,
coord.roster.equal_hours.approve,apps/web/src/i18n/te.json,Approve equal hours,సమాన గంటలు ఆమోదించండి,web coordinator console,,,
coord.roster.edit.action,apps/web/src/i18n/te.json,Change time,సమయం మార్చండి,web coordinator console,,,
coord.roster.edit.forTurn,apps/web/src/i18n/te.json,Change the time for {outlet},{outlet} సమయం మార్చండి,web coordinator console,,,
coord.roster.edit.start,apps/web/src/i18n/te.json,Starts,మొదలు,web coordinator console,,,
coord.roster.edit.end,apps/web/src/i18n/te.json,Ends,ముగింపు,web coordinator console,,,
coord.roster.edit.save,apps/web/src/i18n/te.json,Save time,సమయం భద్రపరచండి,web coordinator console,,,
coord.roster.edit.saving,apps/web/src/i18n/te.json,Saving…,భద్రపరుస్తోంది…,web coordinator console,,,
coord.roster.edit.cancel,apps/web/src/i18n/te.json,Cancel,వద్దు,web coordinator console,,,
coord.roster.edit.backwards,apps/web/src/i18n/te.json,The end time must be after the start time.,ముగింపు సమయం మొదలు సమయం తర్వాత ఉండాలి.,web coordinator console,,,
coord.roster.edit.invalid,apps/web/src/i18n/te.json,Enter a valid start and end time.,సరైన మొదలు మరియు ముగింపు సమయం ఇవ్వండి.,web coordinator console,,,
coord.roster.edit.saved,apps/web/src/i18n/te.json,Turn time saved.,వంతు సమయం భద్రపరచబడింది.,web coordinator console,,,
coord.roster.edit.changed,apps/web/src/i18n/te.json,Changed,మార్చబడింది,web coordinator console,,,
coord.roster.edit.error,apps/web/src/i18n/te.json,The time could not be saved. Please try again.,సమయం భద్రపరచలేకపోయాం. మళ్ళీ ప్రయత్నించండి.,web coordinator console,,,
coord.farmers.title,apps/web/src/i18n/te.json,Farmers,రైతులు,web coordinator console,,,
coord.farmers.sub,apps/web/src/i18n/te.json,Check each new registration before the farmer gets water.,రైతుకు నీరు ఇచ్చే ముందు ప్రతి కొత్త నమోదును చూడండి.,web coordinator console,,,
coord.farmers.waiting,apps/web/src/i18n/te.json,Waiting for your check,మీ పరిశీలన కోసం వేచి ఉన్నవి,web coordinator console,,,
coord.farmers.checked,apps/web/src/i18n/te.json,{name} is checked and can now get water.,{name} ను పరిశీలించారు. ఇక నీరు పొందవచ్చు.,web coordinator console,,,
coord.farmers.pillWaiting,apps/web/src/i18n/te.json,Not checked,ఇంకా చూడలేదు,web coordinator console,,,
coord.farmers.phone,apps/web/src/i18n/te.json,Phone,ఫోన్,web coordinator console,,,
coord.farmers.plotLine,apps/web/src/i18n/te.json,"{area} ha, {soil}","{area} హెక్టార్లు, {soil}",web coordinator console,,,
coord.farmers.sown,apps/web/src/i18n/te.json,sown {date},{date} న విత్తారు,web coordinator console,,,
coord.farmers.smartphone,apps/web/src/i18n/te.json,Has a smartphone,స్మార్ట్‌ఫోన్ ఉంది,web coordinator console,,,
coord.farmers.noSmartphone,apps/web/src/i18n/te.json,"No smartphone, phone calls only","స్మార్ట్‌ఫోన్ లేదు, ఫోన్ కాల్స్ మాత్రమే",web coordinator console,,,
coord.farmers.verify,apps/web/src/i18n/te.json,Mark as checked,పరిశీలించినట్టు గుర్తించండి,web coordinator console,,,
coord.farmers.verifyFor,apps/web/src/i18n/te.json,Mark {name} as checked,{name} ను పరిశీలించినట్టు గుర్తించండి,web coordinator console,,,
coord.farmers.emptyTitle,apps/web/src/i18n/te.json,Everyone is checked,అందరినీ పరిశీలించారు,web coordinator console,,,
coord.farmers.emptyBody,apps/web/src/i18n/te.json,New registrations appear here after a farmer registers on the Farmer screen.,"రైతు పేజీలో ఎవరైనా నమోదు చేసుకుంటే, ఆ నమోదు ఇక్కడ కనిపిస్తుంది.",web coordinator console,,,
coord.farmers.emptyAction,apps/web/src/i18n/te.json,Open the registration form,నమోదు ఫారం తెరవండి,web coordinator console,,,
coord.farmers.doneTitle,apps/web/src/i18n/te.json,Checked farmers,పరిశీలించిన రైతులు,web coordinator console,,,
coord.farmers.landLine,apps/web/src/i18n/te.json,{area} ha at {outlet},{outlet} దగ్గర {area} హెక్టార్లు,web coordinator console,,,
coord.acc.title,apps/web/src/i18n/te.json,Water accounts,నీటి లెక్కలు,web coordinator console,,,
coord.acc.sub,apps/web/src/i18n/te.json,Where every cubic metre of this season's canal water has gone.,ఈ సీజన్ కాలువ నీటిలో ప్రతి ఘనపు మీటరు ఎక్కడికి వెళ్లిందో చూడండి.,web coordinator console,,,
coord.acc.supply,apps/web/src/i18n/te.json,Canal supply,కాలువ సరఫరా,web coordinator console,,,
coord.acc.pool,apps/web/src/i18n/te.json,Shared pool,ఉమ్మడి నిల్వ,web coordinator console,,,
coord.acc.lost,apps/web/src/i18n/te.json,Lost on the way,దారిలో పోయింది,web coordinator console,,,
coord.acc.fairness,apps/web/src/i18n/te.json,Fairness gap,అసమానత,web coordinator console,,,
coord.acc.fairnessHint,apps/web/src/i18n/te.json,Lower is fairer,తక్కువైతే న్యాయం,web coordinator console,,,
coord.acc.balanced,apps/web/src/i18n/te.json,The books balance. Every cubic metre is accounted for.,లెక్కలు సరిపోయాయి. ప్రతి ఘనపు మీటరుకు లెక్క ఉంది.,web coordinator console,,,
coord.acc.unbalanced,apps/web/src/i18n/te.json,The books do not balance. Ask the auditor to check.,లెక్కలు సరిపోలేదు. ఆడిటర్‌ను చూడమనండి.,web coordinator console,,,
coord.acc.farmersTitle,apps/web/src/i18n/te.json,Water by farmer,రైతుల వారీగా నీరు,web coordinator console,,,
coord.acc.entriesTitle,apps/web/src/i18n/te.json,Recent movements,ఇటీవలి కదలికలు,web coordinator console,,,
coord.acc.notStarted,apps/web/src/i18n/te.json,Not started,ఇంకా మొదలు కాలేదు,web coordinator console,,,
coord.acc.noEntries,apps/web/src/i18n/te.json,No water has moved yet. Entries appear once turns are delivered.,ఇంకా నీరు కదలలేదు. వంతులు పూర్తయ్యాక నమోదులు ఇక్కడ కనిపిస్తాయి.,web coordinator console,,,
coord.acc.accountSupply,apps/web/src/i18n/te.json,Canal supply,కాలువ సరఫరా,web coordinator console,,,
coord.acc.accountPool,apps/web/src/i18n/te.json,Shared pool,ఉమ్మడి నిల్వ,web coordinator console,,,
coord.acc.accountLoss,apps/web/src/i18n/te.json,Lost on the way,దారిలో పోయింది,web coordinator console,,,
coord.acc.accountQuota,apps/web/src/i18n/te.json,{name}'s quota,{name} కోటా,web coordinator console,,,
coord.acc.accountDelivered,apps/web/src/i18n/te.json,{name}'s delivered water,{name} కు అందిన నీరు,web coordinator console,,,
coord.acc.moveLine,apps/web/src/i18n/te.json,{from} to {to},{from} నుంచి {to} కు,web coordinator console,,,
coord.acc.auditTitle,apps/web/src/i18n/te.json,What the auditor says,ఆడిటర్ ఏం చెప్పారు,web coordinator console,,,
coord.acc.auditEmpty,apps/web/src/i18n/te.json,No audit yet.,ఇంకా ఆడిట్ లేదు.,web coordinator console,,,
coord.acc.findings,apps/web/src/i18n/te.json,Findings,కనుగొన్నవి,web coordinator console,,,
coord.acc.severity.info,apps/web/src/i18n/te.json,Note,గమనిక,web coordinator console,,,
coord.acc.severity.warn,apps/web/src/i18n/te.json,Warning,హెచ్చరిక,web coordinator console,,,
coord.acc.severity.critical,apps/web/src/i18n/te.json,Serious,తీవ్రం,web coordinator console,,,
coord.acc.emptyTitle,apps/web/src/i18n/te.json,No accounts yet,ఇంకా లెక్కలు లేవు,web coordinator console,,,
coord.acc.emptyBody,apps/web/src/i18n/te.json,Accounts appear once the season's supply is set.,సీజన్ సరఫరా నిర్ణయమయ్యాక లెక్కలు ఇక్కడ కనిపిస్తాయి.,web coordinator console,,,
coord.alert.title,apps/web/src/i18n/te.json,Alert this farmer,ఈ రైతుకు సందేశం పంపండి,web coordinator console,,,
coord.alert.channelLabel,apps/web/src/i18n/te.json,How to reach them,ఎలా సంప్రదించాలి,web coordinator console,,,
coord.alert.channel.call,apps/web/src/i18n/te.json,Call,కాల్,web coordinator console,,,
coord.alert.channel.sms,apps/web/src/i18n/te.json,SMS,పాఠ్య సందేశం,web coordinator console,,,
coord.alert.channel.whatsapp,apps/web/src/i18n/te.json,WhatsApp,వాట్సాప్,web coordinator console,,,
coord.alert.messageLabel,apps/web/src/i18n/te.json,Message (optional),సందేశం (ఐచ్ఛికం),web coordinator console,,,
coord.alert.messageHint,apps/web/src/i18n/te.json,Leave empty to send the standard message.,ఖాళీగా వదిలేస్తే సాధారణ సందేశం వెళ్తుంది.,web coordinator console,,,
coord.alert.send,apps/web/src/i18n/te.json,Send alert,సందేశం పంపండి,web coordinator console,,,
coord.alert.sending,apps/web/src/i18n/te.json,Sending…,పంపుతోంది…,web coordinator console,,,
coord.alert.simulated,apps/web/src/i18n/te.json,Simulated only: no real {channel} was sent. {severity} level. {detail},అనుకరణ మాత్రమే: నిజమైన {channel} పంపబడలేదు. {severity} స్థాయి. {detail},web coordinator console,,,
coord.alert.sent,apps/web/src/i18n/te.json,Sent by {channel}. {severity} level.,{channel} ద్వారా పంపబడింది. {severity} స్థాయి.,web coordinator console,,,
coord.alert.error,apps/web/src/i18n/te.json,The alert could not be sent. Please try again.,సందేశం పంపలేకపోయాం. మళ్ళీ ప్రయత్నించండి.,web coordinator console,,,
coord.alert.severityLabel,apps/web/src/i18n/te.json,Warning level,హెచ్చరిక స్థాయి,web coordinator console,,,
coord.alert.severity.info,apps/web/src/i18n/te.json,Info,సమాచారం,web coordinator console,,,
coord.alert.severity.warning,apps/web/src/i18n/te.json,Warning,హెచ్చరిక,web coordinator console,,,
coord.alert.severity.urgent,apps/web/src/i18n/te.json,Urgent,అత్యవసరం,web coordinator console,,,
coord.alert.severity.emergency,apps/web/src/i18n/te.json,Emergency,అత్యవసర పరిస్థితి,web coordinator console,,,
coord.alert.allocationLabel,apps/web/src/i18n/te.json,Tell them their allocation,వారి కేటాయింపు తెలియజేయండి,web coordinator console,,,
coord.alert.allocationHelp,apps/web/src/i18n/te.json,The farmer hears how much water they have and when to use it. Both come from the approved request and their turn.,"రైతుకు ఎంత నీరు దొరికింది, ఎప్పుడు వాడుకోవాలి అనేది తెలుస్తుంది. రెండూ ఆమోదించిన అభ్యర్థన, వారి వంతు నుండి వస్తాయి.",web coordinator console,,,
coord.alert.allocationVolume,apps/web/src/i18n/te.json,Water to use (m³),వాడుకోవాల్సిన నీరు (మీ³),web coordinator console,,,
coord.alert.allocationWindow,apps/web/src/i18n/te.json,Use it between,ఇంత మధ్య వాడుకోండి,web coordinator console,,,
coord.alert.allocationNone,apps/web/src/i18n/te.json,No approved allocation for this farmer yet. Approve their request (or plan their turn) first.,ఈ రైతుకు ఇంకా ఆమోదించిన కేటాయింపు లేదు. ముందు వారి అభ్యర్థన ఆమోదించండి (లేదా వారి వంతు ప్లాన్ చేయండి).,web coordinator console,,,
coord.alert.allocationOn,apps/web/src/i18n/te.json,Include the allocation in this alert,ఈ సందేశంలో కేటాయింపు చేర్చండి,web coordinator console,,,
coord.alert.allocationSummary,apps/web/src/i18n/te.json,"{m3}, {when}","{m3}, {when}",web coordinator console,te_equals_en,,
coord.alert.allocationUnavailable,apps/web/src/i18n/te.json,Loading the allocation…,కేటాయింపు లోడ్ అవుతోంది…,web coordinator console,,,
coord.alert.allocationSend,apps/web/src/i18n/te.json,Send allocation,కేటాయింపు పంపండి,web coordinator console,,,
coord.alert.allocationSent,apps/web/src/i18n/te.json,Told {name} about {m3} to use {when}.,{name} కు {when} న {m3} వాడుకోవాలని తెలియజేశాము.,web coordinator console,,,
coord.alert.dialled,apps/web/src/i18n/te.json,The call went to {number}.,కాల్ {number} కు వెళ్ళింది.,web coordinator console,,,
coord.alert.dialledNone,apps/web/src/i18n/te.json,"No call was placed, so no number was rung.","కాల్ ప్లేస్ కాలేదు, కాబట్టి ఏ నంబర్ కు కాల్ వెళ్ళలేదు.",web coordinator console,,,
canal.mapLabel,apps/web/src/i18n/te.json,Canal from head to tail,కాలువ మొదలు నుంచి చివరి వరకు,web canal visualisation,,,
canal.head,apps/web/src/i18n/te.json,Head,మొదలు,web canal visualisation,,,
canal.tail,apps/web/src/i18n/te.json,Tail,చివరి,web canal visualisation,,,
canal.km,apps/web/src/i18n/te.json,{km} km,{km} కి.మీ.,web canal visualisation,,,
canal.mapCaption,apps/web/src/i18n/te.json,A thicker ribbon means more flow. The canal thins out because some water soaks into the ground along the way.,"రిబ్బన్ లావుగా ఉంటే ప్రవాహం ఎక్కువ. దారిలో కొంత నీరు నేలలోకి ఇంకిపోతుంది, అందుకే కాలువ సన్నబడుతుంది.",web canal visualisation,,,
canal.shareTitle,apps/web/src/i18n/te.json,Who gets how much water,ఎవరికి ఎంత నీరు,web canal visualisation,,,
canal.shareSub,apps/web/src/i18n/te.json,Compare two ways to share a release. The bars show how much of each farm's need is met.,ఒక విడుదలను పంచే రెండు పద్ధతులను పోల్చండి. ప్రతి పొలం అవసరంలో ఎంత తీరిందో గీతలు చూపిస్తాయి.,web canal visualisation,,,
canal.modeLabel,apps/web/src/i18n/te.json,Compare schedules,పట్టికలను పోల్చండి,web canal visualisation,,,
canal.equalHours,apps/web/src/i18n/te.json,Equal hours,సమాన గంటలు,web canal visualisation,,,
canal.equalHoursHint,apps/web/src/i18n/te.json,Every farm gets the same turn length.,ప్రతి పొలానికి ఒకే సేపు వంతు.,web canal visualisation,,,
canal.equalWater,apps/web/src/i18n/te.json,Equal water,సమాన నీరు,web canal visualisation,,,
canal.equalWaterHint,apps/web/src/i18n/te.json,Turns are sized so each farm gets its share.,ప్రతి పొలానికి దాని వాటా అందేలా వంతు సేపు.,web canal visualisation,,,
canal.needMetList,apps/web/src/i18n/te.json,How much of each farm's water need is met,ప్రతి పొలం నీటి అవసరంలో ఎంత తీరింది,web canal visualisation,,,
canal.rowLabel,apps/web/src/i18n/te.json,"{name}, {outlet}: {pct}% of need met","{name}, {outlet}: అవసరంలో {pct}% తీరింది",web canal visualisation,,,
canal.pctMet,apps/web/src/i18n/te.json,{pct}% of need met,అవసరంలో {pct}% తీరింది,web canal visualisation,,,
canal.fairnessNote,apps/web/src/i18n/te.json,"Under equal hours the tail farms fall short. Equal water closes the gap. Fairness gap: {hours} with equal hours, {water} with equal water (lower is fairer).","సమాన గంటల్లో చివరి పొలాలకు నీరు తగ్గుతుంది. సమాన నీరు ఆ తేడాను తగ్గిస్తుంది. అసమానత: సమాన గంటలతో {hours}, సమాన నీటితో {water} (తక్కువైతే న్యాయం).",web canal visualisation,,,
canal.overrunTitle,apps/web/src/i18n/te.json,What if a turn runs over?,వంతు మించితే ఏమవుతుంది?,web canal visualisation,,,
canal.overrunSub,apps/web/src/i18n/te.json,"If one farmer keeps the water past their turn, farms further down the canal lose water.","ఒక రైతు తన వంతు దాటాక కూడా నీరు ఆపకపోతే, కింద ఉన్న పొలాలకు నీరు తగ్గుతుంది.",web canal visualisation,,,
canal.overrunOutlet,apps/web/src/i18n/te.json,Which farm runs over?,ఏ పొలం వంతు మించుతోంది?,web canal visualisation,,,
canal.outletOption,apps/web/src/i18n/te.json,"{outlet}, {km} km from the head","{outlet}, మొదలు నుంచి {km} కి.మీ.",web canal visualisation,,,
canal.overrunHours,apps/web/src/i18n/te.json,Runs over by {h} h,{h} గంటలు మించుతోంది,web canal visualisation,,,
canal.hoursValue,apps/web/src/i18n/te.json,{h} h,{h} గం,web canal visualisation,,,
canal.overrunNone,apps/web/src/i18n/te.json,"No overrun, so nothing is lost downstream.","వంతు మించలేదు, కింద నీరు పోదు.",web canal visualisation,,,
canal.overrunTailNote,apps/web/src/i18n/te.json,"The last outlet has no farms below it, so nothing is lost downstream.","చివరి ఔట్‌లెట్ కింద పొలాలు లేవు, కాబట్టి కింద నీరు పోదు.",web canal visualisation,,,
canal.overrunDownstream,apps/web/src/i18n/te.json,Water lost downstream,కింద కోల్పోయే నీరు,web canal visualisation,,,
canal.colOutlet,apps/web/src/i18n/te.json,Outlet,ఔట్‌లెట్,web canal visualisation,,,
canal.colLost,apps/web/src/i18n/te.json,Water lost,పోయిన నీరు,web canal visualisation,,,
canal.overrunTotal,apps/web/src/i18n/te.json,Total lost,మొత్తం పోయింది,web canal visualisation,,,
canal.flowsSummary,apps/web/src/i18n/te.json,Show flow numbers,ప్రవాహం సంఖ్యలు చూపండి,web canal visualisation,,,
canal.colDistance,apps/web/src/i18n/te.json,Distance from head,మొదలు నుంచి దూరం,web canal visualisation,,,
canal.colFlow,apps/web/src/i18n/te.json,Flow,ప్రవాహం,web canal visualisation,,,
canal.flowsHelp,apps/web/src/i18n/te.json,"Flow is the water passing each outlet, in cubic metres per second.",ప్రవాహం అంటే ప్రతి ఔట్‌లెట్ దగ్గర సెకనుకు ఎన్ని ఘనపు మీటర్ల నీరు వెళ్తుందో.,web canal visualisation,,,
phone.title,apps/web/src/i18n/te.json,Phone,ఫోన్,web simulated phone,,,
phone.phoneOf,apps/web/src/i18n/te.json,{name}'s phone,{name} ఫోన్,web simulated phone,,,
phone.incoming,apps/web/src/i18n/te.json,Incoming call,కాల్ వస్తోంది,web simulated phone,,,
phone.accept,apps/web/src/i18n/te.json,Accept,ఎత్తండి,web simulated phone,,,
phone.decline,apps/web/src/i18n/te.json,Decline,వద్దు,web simulated phone,,,
phone.callEnded,apps/web/src/i18n/te.json,Call ended,కాల్ ముగిసింది,web simulated phone,,,
phone.callActive,apps/web/src/i18n/te.json,Call in progress,కాల్ జరుగుతోంది,web simulated phone,,,
phone.playAnnouncement,apps/web/src/i18n/te.json,Play the message,సందేశం వినండి,web simulated phone,,,
phone.replay,apps/web/src/i18n/te.json,Play it again,మళ్లీ వినండి,web simulated phone,,,
phone.replyPlaceholder,apps/web/src/i18n/te.json,Type your reply in Telugu or English,మీ జవాబు తెలుగులో లేదా ఇంగ్లీషులో రాయండి,web simulated phone,,,
phone.send,apps/web/src/i18n/te.json,Send reply,జవాబు పంపండి,web simulated phone,,,
phone.sending,apps/web/src/i18n/te.json,Sending…,పంపుతున్నాం…,web simulated phone,,,
phone.uploadVoice,apps/web/src/i18n/te.json,Send a voice clip,వాయిస్ క్లిప్ పంపండి,web simulated phone,,,
phone.micNote,apps/web/src/i18n/te.json,This browser can't record. Send a voice clip instead.,ఈ బ్రౌజర్‌లో రికార్డింగ్ లేదు. బదులుగా వాయిస్ క్లిప్ పంపండి.,web simulated phone,,,
phone.transcript,apps/web/src/i18n/te.json,What was said,మాట్లాడినది,web simulated phone,,,
phone.ackState,apps/web/src/i18n/te.json,Status,స్థితి,web simulated phone,,,
phone.whatsapp,apps/web/src/i18n/te.json,WhatsApp messages,వాట్సాప్ సందేశాలు,web simulated phone,,,
phone.whatsappTitle,apps/web/src/i18n/te.json,WhatsApp messages,వాట్సాప్ సందేశాలు,web simulated phone,,,
phone.close,apps/web/src/i18n/te.json,Close,మూసివేయండి,web simulated phone,,,
phone.markAck,apps/web/src/i18n/te.json,Mark as read,చదివినట్టు గుర్తించండి,web simulated phone,,,
phone.farmerYou,apps/web/src/i18n/te.json,You,మీరు,web simulated phone,,,
phone.committee,apps/web/src/i18n/te.json,Water Committee,నీటి కమిటీ,web simulated phone,,,
phone.agent,apps/web/src/i18n/te.json,Jadal assistant,జాదల్ సహాయకుడు,web simulated phone,,,
phone.noAudio,apps/web/src/i18n/te.json,The sound isn't available.,శబ్దం అందుబాటులో లేదు.,web simulated phone,,,
phone.declined,apps/web/src/i18n/te.json,You declined the call. The committee will try WhatsApp.,మీరు కాల్ వద్దన్నారు. కమిటీ వాట్సాప్‌లో ప్రయత్నిస్తుంది.,web simulated phone,,,
phone.callBack,apps/web/src/i18n/te.json,Ring again,మళ్లీ రింగ్ చేయండి,web simulated phone,,,
phone.clipReady,apps/web/src/i18n/te.json,Voice clip ready,వాయిస్ క్లిప్ సిద్ధం,web simulated phone,,,
phone.demoSound,apps/web/src/i18n/te.json,Demo sound. The real call speaks the message in Telugu.,డెమో శబ్దం. నిజమైన కాల్‌లో సందేశాన్ని తెలుగులో చదువుతారు.,web simulated phone,,,
phone.noMessages,apps/web/src/i18n/te.json,No WhatsApp messages yet.,ఇంకా వాట్సాప్ సందేశాలు లేవు.,web simulated phone,,,
phone.voiceClipTurn,apps/web/src/i18n/te.json,Voice clip: {name},వాయిస్ క్లిప్: {name},web simulated phone,,,
phone.tryTitle,apps/web/src/i18n/te.json,Try it,ప్రయత్నించండి,web simulated phone,,,
phone.try1,apps/web/src/i18n/te.json,Press Accept to answer the call.,కాల్ ఎత్తడానికి ఎత్తండి నొక్కండి.,web simulated phone,,,
phone.try2,apps/web/src/i18n/te.json,Type a reply in Telugu or English and press Send.,తెలుగులో లేదా ఇంగ్లీషులో జవాబు రాసి పంపండి నొక్కండి.,web simulated phone,,,
phone.try3,apps/web/src/i18n/te.json,Open WhatsApp messages to see the alerts this farmer also gets.,ఈ రైతుకు వచ్చే హెచ్చరికలు చూడటానికి వాట్సాప్ సందేశాలు తెరవండి.,web simulated phone,,,
phone.reachTitle,apps/web/src/i18n/te.json,Who Jadal contacts,జాదల్ ఎవరిని సంప్రదిస్తుంది,web simulated phone,,,
phone.reachSub,apps/web/src/i18n/te.json,Every farmer gets a phone call. Farmers with a smartphone also get WhatsApp.,ప్రతి రైతుకు ఫోన్ కాల్ వస్తుంది. స్మార్ట్‌ఫోన్ ఉన్న రైతులకు వాట్సాప్ కూడా వస్తుంది.,web simulated phone,,,
phone.reachEmptyTitle,apps/web/src/i18n/te.json,No calls queued yet,ఇంకా కాల్స్ లేవు,web simulated phone,,,
phone.reachEmptyBody,apps/web/src/i18n/te.json,Calls appear here after the coordinator approves a schedule.,సమన్వయకర్త పట్టికను ఆమోదించాక కాల్స్ ఇక్కడ కనిపిస్తాయి.,web simulated phone,,,
phone.colCall,apps/web/src/i18n/te.json,Phone call,ఫోన్ కాల్,web simulated phone,,,
phone.colWhatsapp,apps/web/src/i18n/te.json,WhatsApp,వాట్సాప్,web simulated phone,,,
phone.agentCallTitle,apps/web/src/i18n/te.json,Agent call,ఏజెంట్ కాల్,web simulated phone,,,
phone.agentCallLead,apps/web/src/i18n/te.json,The agent answers and speaks in Telugu.,ఏజెంట్ ఫోన్ ఎత్తి తెలుగులో మాట్లాడుతారు.,web simulated phone,,,
phone.agentCallSimulated,apps/web/src/i18n/te.json,Simulated call: the agent's reply plays on this device only.,అనుకరణ కాల్: ఏజెంట్ సమాధానం ఈ పరికరంలోనే వినిపిస్తుంది.,web simulated phone,,,
phone.agentCallPlay,apps/web/src/i18n/te.json,Play the agent's reply,ఏజెంట్ సమాధానం వినండి,web simulated phone,,,
phone.agentCallReplay,apps/web/src/i18n/te.json,Play again,మళ్లీ వినండి,web simulated phone,,,
phone.agentCallSpeaking,apps/web/src/i18n/te.json,Speaking…,మాట్లాడుతోంది…,web simulated phone,,,
phone.agentCallNoSpeech,apps/web/src/i18n/te.json,This device cannot speak. The reply is written below.,ఈ పరికరం మాట్లాడలేదు. సమాధానం క్రింద రాసి ఉంది.,web simulated phone,,,
phone.agentCallError,apps/web/src/i18n/te.json,The agent's reply could not be loaded.,ఏజెంట్ సమాధానం లోడ్ కాలేదు.,web simulated phone,,,
phone.agentCallOpen,apps/web/src/i18n/te.json,Open the phone screen,ఫోన్ స్క్రీన్ తెరవండి,web simulated phone,,,
demo.start,apps/web/src/i18n/te.json,Start demo,డెమో మొదలు పెట్టండి,web demo mode,,,
demo.runAll,apps/web/src/i18n/te.json,Run all steps,అన్ని దశలు నడపండి,web demo mode,,,
demo.reset,apps/web/src/i18n/te.json,Reset,మళ్లీ మొదలు,web demo mode,,,
demo.resetQuestion,apps/web/src/i18n/te.json,Reset the demo? Everything you have run so far is cleared.,డెమోను మళ్లీ మొదలు పెట్టాలా? ఇప్పటివరకు చేసినవన్నీ తొలగిపోతాయి.,web demo mode,,,
demo.runStep,apps/web/src/i18n/te.json,Run this step,ఈ దశ నడపండి,web demo mode,,,
demo.seeIt,apps/web/src/i18n/te.json,See it,చూడండి,web demo mode,,,
demo.stepOf,apps/web/src/i18n/te.json,Step {n} of {total},{total} లో {n}వ దశ,web demo mode,,,
demo.allDone,apps/web/src/i18n/te.json,All steps done,అన్ని దశలు పూర్తయ్యాయి,web demo mode,,,
demo.progressLabel,apps/web/src/i18n/te.json,Steps completed,పూర్తయిన దశలు,web demo mode,,,
demo.controls,apps/web/src/i18n/te.json,Demo controls,డెమో నియంత్రణలు,web demo mode,,,
demo.storyLabel,apps/web/src/i18n/te.json,The demo story,డెమో కథ,web demo mode,,,
demo.stepFailed,apps/web/src/i18n/te.json,This step did not finish. Try again.,ఈ దశ పూర్తి కాలేదు. మళ్లీ ప్రయత్నించండి.,web demo mode,,,
demo.bufferReason,apps/web/src/i18n/te.json,Short of water at the tail end of my field.,నా పొలం చివర నీరు తక్కువైంది.,web demo mode,,,
demo.status.idle,apps/web/src/i18n/te.json,Press Start to begin.,మొదలు పెట్టడానికి నొక్కండి.,web demo mode,,,
demo.status.resetting,apps/web/src/i18n/te.json,Getting the demo ready…,డెమో సిద్ధం చేస్తున్నాం…,web demo mode,,,
demo.status.ready,apps/web/src/i18n/te.json,Ready. Step {n} is next.,సిద్ధం. తర్వాత {n}వ దశ.,web demo mode,,,
demo.status.running,apps/web/src/i18n/te.json,Running step {n}…,{n}వ దశ నడుస్తోంది…,web demo mode,,,
demo.status.stepDone,apps/web/src/i18n/te.json,Step {n} is done. Step {next} is next.,{n}వ దశ పూర్తయింది. తర్వాత {next}వ దశ.,web demo mode,,,
demo.status.finished,apps/web/src/i18n/te.json,All steps are done in {time}.,అన్ని దశలు {time} లో పూర్తయ్యాయి.,web demo mode,,,
demo.status.failed,apps/web/src/i18n/te.json,Step {n} did not finish.,{n}వ దశ పూర్తి కాలేదు.,web demo mode,,,
demo.clockTitle,apps/web/src/i18n/te.json,Demo clock,డెమో గడియారం,web demo mode,,,
demo.clockHelp,apps/web/src/i18n/te.json,Move time forward to see later events.,తర్వాతి సంఘటనలు చూడటానికి సమయాన్ని ముందుకు జరపండి.,web demo mode,,,
demo.advanceHour,apps/web/src/i18n/te.json,+1 hour,+1 గంట,web demo mode,,,
demo.advanceHours,apps/web/src/i18n/te.json,+{h} hours,+{h} గంటలు,web demo mode,,,
demo.advanceDay,apps/web/src/i18n/te.json,+1 day,+1 రోజు,web demo mode,,,
demo.elapsed,apps/web/src/i18n/te.json,Time so far: {time},ఇప్పటివరకు సమయం: {time},web demo mode,,,
demo.auditTitle,apps/web/src/i18n/te.json,What the auditor found,ఆడిటర్ గమనించినది,web demo mode,,,
demo.details,apps/web/src/i18n/te.json,Show details,వివరాలు చూపండి,web demo mode,,,
demo.logTitle,apps/web/src/i18n/te.json,Everything that happened ({n}),జరిగినదంతా ({n}),web demo mode,,,
demo.logEmpty,apps/web/src/i18n/te.json,Nothing yet. Start the demo to fill this list.,ఇంకా ఏమీ లేదు. డెమో మొదలు పెడితే ఈ జాబితా నిండుతుంది.,web demo mode,,,
demo.replay,apps/web/src/i18n/te.json,Showing the first {shown} of {total},"మొదటి {shown} చూపిస్తోంది, మొత్తం {total}",web demo mode,,,
demo.replayValue,apps/web/src/i18n/te.json,{shown} of {total} events,{total} లో {shown} సంఘటనలు,web demo mode,,,
demo.steps.1.title,apps/web/src/i18n/te.json,Share water fairly,నీటిని న్యాయంగా పంచడం,web demo mode,,,
demo.steps.1.what,apps/web/src/i18n/te.json,The coordinator compares equal hours with equal water for the next release.,"తర్వాతి విడుదల కోసం సమాన గంటలు, సమాన నీరు పద్ధతులను సమన్వయకర్త పోలుస్తారు.",web demo mode,,,
demo.steps.2.title,apps/web/src/i18n/te.json,A farmer asks for urgent water,ఒక రైతు అత్యవసర నీరు అడుగుతారు,web demo mode,,,
demo.steps.2.what,apps/web/src/i18n/te.json,A rice farmer at the head of the canal asks by Telugu voice. Jadal suggests a partial grant and the coordinator approves it.,"కాలువ మొదట్లో ఉన్న వరి రైతు తెలుగు వాయిస్‌తో అడుగుతారు. కొంత నీరు ఇవ్వమని జాదల్ సూచిస్తుంది, సమన్వయకర్త ఆమోదిస్తారు.",web demo mode,,,
demo.steps.3.title,apps/web/src/i18n/te.json,Re-plan and call every farmer,మళ్లీ ప్లాన్ చేసి రైతులందరికీ కాల్ చేయడం,web demo mode,,,
demo.steps.3.what,apps/web/src/i18n/te.json,The schedule is updated and Jadal phones each farmer. Farmers without a smartphone get a call only.,"పట్టిక కొత్తగా తయారవుతుంది, జాదల్ ప్రతి రైతుకు ఫోన్ చేస్తుంది. స్మార్ట్‌ఫోన్ లేని రైతులకు కాల్ మాత్రమే వెళ్తుంది.",web demo mode,,,
demo.steps.4.title,apps/web/src/i18n/te.json,Warn farmers before a night release,రాత్రి విడుదలకు ముందు హెచ్చరిక,web demo mode,,,
demo.steps.4.what,apps/web/src/i18n/te.json,"A release starts at night, so each farmer gets a WhatsApp message and a call one hour before.","విడుదల రాత్రి మొదలవుతుంది, కాబట్టి ప్రతి రైతుకు గంట ముందు వాట్సాప్ సందేశం, కాల్ వెళ్తాయి.",web demo mode,,,
demo.steps.5.title,apps/web/src/i18n/te.json,A harvest frees water for others,కోతతో మిగిలిన నీరు ఇతరులకు,web demo mode,,,
demo.steps.5.what,apps/web/src/i18n/te.json,"A cotton farmer finishes the harvest. The unused water goes to the shared pool, and another farmer asks for some.","ఒక పత్తి రైతు కోత పూర్తి చేస్తారు. వాడని నీరు ఉమ్మడి నిల్వకు వెళ్తుంది, మరో రైతు కొంత అడుగుతారు.",web demo mode,,,
demo.steps.6.title,apps/web/src/i18n/te.json,Check that every cubic metre adds up,ప్రతి ఘనపు మీటరుకు లెక్క సరిపోయిందా,web demo mode,,,
demo.steps.6.what,apps/web/src/i18n/te.json,The auditor checks the books and compares fairness before and after.,"ఆడిటర్ లెక్కలు చూసి, ముందు, తర్వాత న్యాయాన్ని పోలుస్తారు.",web demo mode,,,
demo.outcome.1,apps/web/src/i18n/te.json,Tail farms now get {after} of their need instead of {before}. The fairness gap falls from {giniBefore} to {giniAfter}.,"చివరి పొలాలకు ఇప్పుడు అవసరంలో {after} అందుతోంది, ముందు {before} మాత్రమే. అసమానత {giniBefore} నుంచి {giniAfter} కు తగ్గింది.",web demo mode,,,
demo.outcome.2,apps/web/src/i18n/te.json,"{name} asked for {asked}. The coordinator approved {granted}, taken from their later turns.","{name} {asked} అడిగారు. సమన్వయకర్త {granted} ఆమోదించారు, ఇది వారి తర్వాతి వంతుల నుంచి తగ్గుతుంది.",web demo mode,,,
demo.outcome.3,apps/web/src/i18n/te.json,"{n} farmers are being called with their new turn times. {names} have no smartphone, so they get a phone call only. Everyone else also gets WhatsApp.","{n} రైతులకు కొత్త వంతు సమయాలతో కాల్ చేస్తున్నాం. {names} కు స్మార్ట్‌ఫోన్ లేదు, కాబట్టి ఫోన్ కాల్ మాత్రమే. మిగతా అందరికీ వాట్సాప్ కూడా వెళ్తుంది.",web demo mode,,,
demo.outcome.4,apps/web/src/i18n/te.json,The next release starts {when}. {n} farmers get a WhatsApp message and a warning call one hour before.,"తర్వాతి విడుదల {when} కు మొదలవుతుంది. {n} రైతులకు గంట ముందు వాట్సాప్ సందేశం, హెచ్చరిక కాల్ వెళ్తాయి.",web demo mode,,,
demo.outcome.5,apps/web/src/i18n/te.json,The shared pool now holds {pool}. {name} asked it for {asked}.,ఉమ్మడి నిల్వలో ఇప్పుడు {pool} ఉంది. {name} దానిలో {asked} అడిగారు.,web demo mode,,,
demo.outcome.6,apps/web/src/i18n/te.json,"The books balance. The fairness gap is now {giniAfter}, down from {giniBefore}.","లెక్కలు సరిపోయాయి. అసమానత ఇప్పుడు {giniAfter}, ముందు {giniBefore}.",web demo mode,,,
demo.outcome.2no,apps/web/src/i18n/te.json,{name} asked for {asked}. The coordinator did not approve it.,{name} {asked} అడిగారు. సమన్వయకర్త ఆమోదించలేదు.,web demo mode,,,
demo.outcome.3all,apps/web/src/i18n/te.json,{n} farmers are being called with their new turn times. Everyone also gets WhatsApp.,{n} రైతులకు కొత్త వంతు సమయాలతో కాల్ చేస్తున్నాం. అందరికీ వాట్సాప్ కూడా వెళ్తుంది.,web demo mode,,,
demo.outcome.5none,apps/web/src/i18n/te.json,The shared pool now holds {pool}.,ఉమ్మడి నిల్వలో ఇప్పుడు {pool} ఉంది.,web demo mode,,,
demo.outcome.6bad,apps/web/src/i18n/te.json,The books do not balance. Check the water accounts.,లెక్కలు సరిపోలేదు. నీటి లెక్కలు చూడండి.,web demo mode,,,
demo.events.farmer_registered,apps/web/src/i18n/te.json,{name} registered.,{name} నమోదు చేసుకున్నారు.,web demo mode,,,
demo.events.registration_verified,apps/web/src/i18n/te.json,{name}'s registration was checked.,{name} నమోదును పరిశీలించారు.,web demo mode,,,
demo.events.season_approved,apps/web/src/i18n/te.json,The season's supply was approved.,సీజన్ సరఫరాను ఆమోదించారు.,web demo mode,,,
demo.events.entitlement_proposed,apps/web/src/i18n/te.json,Weekly shares were suggested.,వారపు వాటాలను సూచించారు.,web demo mode,,,
demo.events.entitlement_approved,apps/web/src/i18n/te.json,Weekly shares were approved.,వారపు వాటాలను ఆమోదించారు.,web demo mode,,,
demo.events.release_window_announced,apps/web/src/i18n/te.json,A water release was announced for {when}.,{when} కు నీటి విడుదల ప్రకటించారు.,web demo mode,,,
demo.events.roster_proposed,apps/web/src/i18n/te.json,A turn schedule was proposed.,వంతుల పట్టికను సూచించారు.,web demo mode,,,
demo.events.roster_approved,apps/web/src/i18n/te.json,The turn schedule was approved.,వంతుల పట్టికను ఆమోదించారు.,web demo mode,,,
demo.events.turn_delivered,apps/web/src/i18n/te.json,A turn was delivered.,ఒక వంతు పూర్తయింది.,web demo mode,,,
demo.events.rain_replanned,apps/web/src/i18n/te.json,Rain changed the plan.,వర్షంతో ప్రణాళిక మారింది.,web demo mode,,,
demo.events.request_raised,apps/web/src/i18n/te.json,{name} asked for {m3}.,{name} {m3} అడిగారు.,web demo mode,,,
demo.events.request_triaged,apps/web/src/i18n/te.json,A request was sorted by urgency.,ఒక అభ్యర్థనను అత్యవసరం ప్రకారం వేరు చేశారు.,web demo mode,,,
demo.events.request_recommended,apps/web/src/i18n/te.json,Jadal suggested an answer to a request.,ఒక అభ్యర్థనకు జాదల్ జవాబు సూచించింది.,web demo mode,,,
demo.events.request_decided_yes,apps/web/src/i18n/te.json,The coordinator approved {m3}.,సమన్వయకర్త {m3} ఆమోదించారు.,web demo mode,,,
demo.events.request_decided_no,apps/web/src/i18n/te.json,The coordinator said no.,సమన్వయకర్త వద్దన్నారు.,web demo mode,,,
demo.events.week_released_to_buffer,apps/web/src/i18n/te.json,{name} gave a week's water to the shared pool.,{name} ఒక వారం నీటిని ఉమ్మడి నిల్వకు ఇచ్చారు.,web demo mode,,,
demo.events.crop_harvested,apps/web/src/i18n/te.json,{name} finished a harvest.,{name} కోత పూర్తి చేశారు.,web demo mode,,,
demo.events.contact_updated,apps/web/src/i18n/te.json,A call or message changed status.,ఒక కాల్ లేదా సందేశం స్థితి మారింది.,web demo mode,,,
demo.events.demo_step,apps/web/src/i18n/te.json,Step {n} done: {title},{n}వ దశ పూర్తి: {title},web demo mode,,,
demo.events.demo_clock,apps/web/src/i18n/te.json,The clock moved forward {h} h.,గడియారం {h} గంటలు ముందుకు జరిగింది.,web demo mode,,,
demo.events.other,apps/web/src/i18n/te.json,Something changed.,ఏదో మారింది.,web demo mode,,,
voice.greeting[0],apps/api/src/voice/telugu.ts,Hello.,నమస్కారం.,voice: shared fragment — greeting,,,
voice.greeting[1],apps/api/src/voice/telugu.ts,"Hello ${name},","నమస్కారం ${addressed},",voice: shared fragment — greeting,,,
voice.outletClause[0],apps/api/src/voice/telugu.ts,${facts.outletName},${facts.outletName} వద్ద,voice: shared fragment — outlet and chainage,,,
voice.outletClause[1],apps/api/src/voice/telugu.ts,${facts.outletName} (chainage ${chainage} m),${facts.outletName} వద్ద (చెయినేజీ ${chainage} మీటర్లు),voice: shared fragment — outlet and chainage,,,
voice.windowClause[0],apps/api/src/voice/telugu.ts,from ${start} IST,${start} నుండి,voice: shared fragment — release window,,,
voice.windowClause[1],apps/api/src/voice/telugu.ts,from ${start} to ${end} IST,${start} నుండి ${end} వరకు,voice: shared fragment — release window,,,
voice.volumeClause[0],apps/api/src/voice/telugu.ts,${volume} cubic metres,${volume} ఘన మీటర్లు,voice: shared fragment — volume in m³,,,
voice.rosterChange[0],apps/api/src/voice/telugu.ts,Jadal: your water turn has been rescheduled.,జడల్: మీరు పొందబోయే నీటి వంతులో మార్పు జరిగింది.,voice (outbound call): roster_change — turn rescheduled,,,
voice.rosterChange[1],apps/api/src/voice/telugu.ts,Your release window is ${windowClauseEn(facts)}.,మీరు పొందే విడుదల సమయం ${windowClauseTe(facts)}.,voice (outbound call): roster_change — turn rescheduled,,,
voice.rosterChange[2],apps/api/src/voice/telugu.ts,Your allocated volume is ${volumeClauseEn(facts)}.,మీకు కేటాయించిన పరిమాణం ${volumeClauseTe(facts)}.,voice (outbound call): roster_change — turn rescheduled,,,
voice.rosterChange[3],apps/api/src/voice/telugu.ts,Please be ready at the new time. Tell our canal office if this does not suit you.,కొత్త సమయానికి సిద్ధంగా ఉండండి. ఏవై అవసరమైతే మా కాలువ కార్యాలయానికి తెలియజేయండి.,voice (outbound call): roster_change — turn rescheduled,,,
voice.nightReleaseWarning[0],apps/api/src/voice/telugu.ts,Jadal: night water-release alert.,జడల్: రాత్రి నీటి విడుదల హెచ్చరిక.,voice (outbound call): release_warning — night release alert,,,
voice.nightReleaseWarning[1],apps/api/src/voice/telugu.ts,Your release starts ${windowClauseEn(facts)}.,మీ విడుదల ${windowClauseTe(facts)} ప్రారంభమవుతుంది.,voice (outbound call): release_warning — night release alert,,,
voice.nightReleaseWarning[2],apps/api/src/voice/telugu.ts,You will receive ${volumeClauseEn(facts)}.,మీరు ${volumeClauseTe(facts)} పొందుతారు.,voice (outbound call): release_warning — night release alert,,,
voice.nightReleaseWarning[3],apps/api/src/voice/telugu.ts,Please be ready to open your field gate. Call the canal office at once if the water does not reach you.,దయచేసి చెంక చేయడానికి సిద్ధంగా ఉండండి. నీరు రాలేదంటే మా కాలువ కార్యాలయానికి వెంటనే తెలియజేయండి.,voice (outbound call): release_warning — night release alert,,,
voice.rainPostponed[0],apps/api/src/voice/telugu.ts,"in about ${Math.round(facts.leadHours)} hours, ",రోజువారీ ${Math.round(facts.leadHours)} గంటల్లో ,voice: rain postponement (cron re-plan),,,
voice.rainPostponed[1],apps/api/src/voice/telugu.ts,Jadal: your water release has been postponed because of rain.,జడల్: వర్షం కారణంగా మీ నీటి విడుదల వాయిదా వేయబడింది.,voice: rain postponement (cron re-plan),,,
voice.rainPostponed[2],apps/api/src/voice/telugu.ts,${rain} mm of rain is forecast.,రోజువారీ ${rain} మిమీ వర్షం నమోదైంది.,voice: rain postponement (cron re-plan),,,
voice.rainPostponed[3],apps/api/src/voice/telugu.ts,the release starting ${window} has been postponed.,${window} ప్రారంభమయ్యే విడుదల వాయిదా అయింది.,voice: rain postponement (cron re-plan),,,
voice.rainPostponed[4],apps/api/src/voice/telugu.ts,${lead}your allocated volume of ${volumeClauseEn(facts)} is carried forward unchanged.,"${lead}మీకు కేటాయించిన పరిమాణం ${volume.length === 0 ? """" : `${volume} `}ఉంచబడుతుంది.",voice: rain postponement (cron re-plan),,,
voice.rainPostponed[5],apps/api/src/voice/telugu.ts,Your quota is safe. We will tell you the new time as soon as it is fixed.,మీ కోటా సురక్షితంగా ఉంది. కొత్త సమయం తెలిసిన వెంటనే తెలియజేస్తాము.,voice: rain postponement (cron re-plan),,,
voice.requestUpdate[0],apps/api/src/voice/telugu.ts,unknown,తెలియడం లేదు,voice (outbound call): request_update — request status,,,
voice.requestUpdate[1],apps/api/src/voice/telugu.ts,Jadal: status of your water request.,జడల్: మీ నీటి అభ్యర్థన స్థితి.,voice (outbound call): request_update — request status,,,
voice.requestUpdate[2],apps/api/src/voice/telugu.ts,Status: ${status}.,స్థితి: ${status}.,voice (outbound call): request_update — request status,,,
voice.requestUpdate[3],apps/api/src/voice/telugu.ts,You asked for ${formatVolumeM3(facts.requestVolumeM3)} cubic metres.,మీరు అభ్యర్థించిన పరిమాణం ${formatVolumeM3(facts.requestVolumeM3)} ఘన మీటర్లు.,voice (outbound call): request_update — request status,,,
voice.requestUpdate[4],apps/api/src/voice/telugu.ts,Expected release: ${windowClauseEn(facts)}.,ఎప్పుడు పొందుతారో అయితే: ${windowClauseTe(facts)}.,voice (outbound call): request_update — request status,,,
voice.requestUpdate[5],apps/api/src/voice/telugu.ts,Contact the canal office for details.,వివరాలకు మా కాలువ కార్యాలయాన్ని సంప్రదించండి.,voice (outbound call): request_update — request status,,,
voice.reminder[0],apps/api/src/voice/telugu.ts,Jadal: reminder about your water turn.,జడల్: మీ నీటి వంతు గుర్తింపు.,voice (outbound call): reminder,,,
voice.reminder[1],apps/api/src/voice/telugu.ts,Your release starts ${windowClauseEn(facts)}.,రాబోయే విడుదల ${windowClauseTe(facts)} ప్రారంభమవుతుంది.,voice (outbound call): reminder,,,
voice.reminder[2],apps/api/src/voice/telugu.ts,${volumeClauseEn(facts)} of water is available for you.,మీకు ${volumeClauseTe(facts)} నీరు అందుబాటులో ఉంటుంది.,voice (outbound call): reminder,,,
voice.reminder[3],apps/api/src/voice/telugu.ts,Please open your field gate on time.,దయచేసి సమయానికి చెంక చేయండి.,voice (outbound call): reminder,,,
voice.ackRecorded[0],apps/api/src/voice/telugu.ts,Jadal: your acknowledgement has been recorded.,జడల్: మీ ధృవీకరణ నమోదు అయింది.,voice: acknowledgement recorded,,,
voice.ackRecorded[1],apps/api/src/voice/telugu.ts,It is recorded against the ${windowClauseEn(facts)} release.,${windowClauseTe(facts)} విడుదలకు మీ సమాధానం నమోదు చేయబడింది.,voice: acknowledgement recorded,,,
voice.ackRecorded[2],apps/api/src/voice/telugu.ts,Allocated volume: ${volumeClauseEn(facts)}.,ఇచ్చిన పరిమాణం ${volumeClauseTe(facts)}.,voice: acknowledgement recorded,,,
voice.ackRecorded[3],apps/api/src/voice/telugu.ts,Thank you. Tell the canal office if the water does not reach you.,ధన్యవాదాలు. నీరు రాలేదంటే మా కాలువ కార్యాలయానికి తెలియజేయండి.,voice: acknowledgement recorded,,,
voice.farmerGreeting[0],apps/api/src/voice/telugu.ts,"Hello, this is Jadal canal calling.","నమస్కారం, ఇది జడల్ కాలువ నుండి వచ్చిన కాల్.",voice: outbound call opening,,,
voice.farmerGreeting[1],apps/api/src/voice/telugu.ts,"Hello ${trimmed}, this is Jadal canal calling.","నమస్కారం ${addressed}, ఇది జడల్ కాలువ నుండి వచ్చిన కాల్.",voice: outbound call opening,,,
voice.inboundGreeting[0],apps/api/src/voice/telugu.ts,"Hello, this is the Jadal canal help desk. Tell us your water problem.","నమస్కారం, ఇది జడల్ కాలువ సహాయ కేంద్రం. మీ నీటి సమస్యను చెప్పండి.",voice: inbound call opening,,,
voice.inboundGreeting[1],apps/api/src/voice/telugu.ts,"Hello ${trimmed}, this is the Jadal canal help desk. Tell us your water problem.","నమస్కారం ${addressed}, ఇది జడల్ కాలువ సహాయ కేంద్రం. మీ నీటి సమస్యను చెప్పండి.",voice: inbound call opening,,,
voice.dayClause[0],apps/api/src/voice/telugu.ts,on ${date},${date} రోజు,voice: shared fragment — calendar day,,,
voice.nextTurn[0],apps/api/src/voice/telugu.ts,Jadal: details of your next water turn.,జడల్: మీ తదుపరి నీటి వంతు వివరాలు.,voice: next-turn details (self-serve/inbound),,,
voice.nextTurn[1],apps/api/src/voice/telugu.ts,Your release day is ${dayClauseEn(facts)}.,మీ విడుదల రోజు ${dayClauseTe(facts)}.,voice: next-turn details (self-serve/inbound),,,
voice.nextTurn[2],apps/api/src/voice/telugu.ts,The release window is ${windowClauseEn(facts)}.,విడుదల సమయం ${windowClauseTe(facts)}.,voice: next-turn details (self-serve/inbound),,,
voice.nextTurn[3],apps/api/src/voice/telugu.ts,Your allocated volume is ${volumeClauseEn(facts)}.,మీకు కేటాయించిన పరిమాణం ${volumeClauseTe(facts)}.,voice: next-turn details (self-serve/inbound),,,
voice.nextTurn[4],apps/api/src/voice/telugu.ts,Please be ready on time.,దయచేసి సమయానికి సిద్ధంగా ఉండండి.,voice: next-turn details (self-serve/inbound),,,
voice.requestApproved[0],apps/api/src/voice/telugu.ts,Jadal: your urgent request has been approved.,జడల్: మీ అత్యవసర అభ్యర్థన ఆమోదించబడింది.,voice: inbound — urgent request approved,,,
voice.requestApproved[1],apps/api/src/voice/telugu.ts,You have been granted ${formatVolumeM3(facts.requestVolumeM3)} cubic metres.,మీకు ${formatVolumeM3(facts.requestVolumeM3)} ఘన మీటర్లు మంజూరు చేయబడ్డాయి.,voice: inbound — urgent request approved,,,
voice.requestApproved[2],apps/api/src/voice/telugu.ts,The release day is ${dayClauseEn(facts)}.,విడుదల రోజు ${dayClauseTe(facts)}.,voice: inbound — urgent request approved,,,
voice.requestApproved[3],apps/api/src/voice/telugu.ts,The release window is ${windowClauseEn(facts)}.,విడుదల సమయం ${windowClauseTe(facts)}.,voice: inbound — urgent request approved,,,
voice.requestApproved[4],apps/api/src/voice/telugu.ts,Please be ready on time.,దయచేసి సమయానికి సిద్ధంగా ఉండండి.,voice: inbound — urgent request approved,,,
voice.requestRecorded[0],apps/api/src/voice/telugu.ts,Jadal: your urgent request has been recorded.,జడల్: మీ అత్యవసర అభ్యర్థన నమోదు చేయబడింది.,voice: inbound — urgent request recorded,,,
voice.requestRecorded[1],apps/api/src/voice/telugu.ts,You asked for ${formatVolumeM3(facts.requestVolumeM3)} cubic metres.,మీరు అడిగిన పరిమాణం ${formatVolumeM3(facts.requestVolumeM3)} ఘన మీటర్లు.,voice: inbound — urgent request recorded,,,
voice.requestRecorded[2],apps/api/src/voice/telugu.ts,Our canal office will contact you shortly. Thank you.,మా కాలువ కార్యాలయం త్వరలో మిమ్మల్ని సంప్రదిస్తుంది. ధన్యవాదాలు.,voice: inbound — urgent request recorded,,,
voice.alert[0],apps/api/src/voice/telugu.ts,This is an emergency. Tell our canal office immediately.,ఇది అత్యవసరం. వెంటనే మా కాలువ కార్యాలయానికి తెలియజేయండి.,voice: severity alert (info/warning/urgent/emergency),,,
voice.alert[1],apps/api/src/voice/telugu.ts,Tell our canal office immediately.,వెంటనే మా కాలువ కార్యాలయానికి తెలియజేయండి.,voice: severity alert (info/warning/urgent/emergency),,,
voice.alert[2],apps/api/src/voice/telugu.ts,Contact our canal office.,మా కాలువ కార్యాలయాన్ని సంప్రదించండి.,voice: severity alert (info/warning/urgent/emergency),,,
voice.alert[3],apps/api/src/voice/telugu.ts,Jadal ${ALERT_LABEL_EN[severity]}:,జడల్ ${ALERT_LABEL_TE[severity]}:,voice: severity alert (info/warning/urgent/emergency),,,
voice.alert[4],apps/api/src/voice/telugu.ts,The release day is ${dayClauseEn(facts)}.,విడుదల రోజు ${dayClauseTe(facts)}.,voice: severity alert (info/warning/urgent/emergency),,,
voice.alert[5],apps/api/src/voice/telugu.ts,The release window is ${windowClauseEn(facts)}.,విడుదల సమయం ${windowClauseTe(facts)}.,voice: severity alert (info/warning/urgent/emergency),,,
voice.alert[6],apps/api/src/voice/telugu.ts,${volumeClauseEn(facts)} of water for you.,మీకు ${volumeClauseTe(facts)} నీరు.,voice: severity alert (info/warning/urgent/emergency),,,
voice.INBOUND_PROMPT,apps/api/src/voice/telugu.ts,"Press 1 to confirm your water turn, press 2 for an urgent request. Or speak and tell us your problem.","1 నొక్కండి మీ నీటి వంతు నిర్ధారించడానికి, 2 నొక్కండి అత్యవసర అభ్యర్థన కోసం. లేదా మాట్లాడి మీ సమస్యను చెప్పండి.",voice: inbound DTMF / spoken prompt,,,
voice.LISTEN_CUE,apps/api/src/voice/telugu.ts,Please speak after the beep.,బీప్ శబ్దం తర్వాత మాట్లాడండి.,voice: cue before record,,,
voice.NOT_UNDERSTOOD,apps/api/src/voice/telugu.ts,"Sorry, we could not hear that clearly. Please try again.","క్షమించండి, మీ మాటలు స్పష్టంగా వినిపించలేదు. దయచేసి మళ్లీ ప్రయత్నించండి.",voice: honest failure — speech not understood,,,
voice.CALLER_UNKNOWN,apps/api/src/voice/telugu.ts,"Sorry, this phone number is not in our records. Please contact our canal office.","క్షమించండి, ఈ ఫోన్ నంబర్ మా రికార్డులో లేదు. దయచేసి మా కాలువ కార్యాలయాన్ని సంప్రదించండి.",voice: honest failure — caller number unknown,,,
voice.SCHEDULE_HOLD,apps/api/src/voice/telugu.ts,Jadal: our office will contact you shortly about your release time.,జడల్: మీ విడుదల సమయం గురించి మా కార్యాలయం త్వరలో మిమ్మల్ని సంప్రదిస్తుంది.,voice: honest failure — no turn facts to answer from,,,
voice.REQUEST_FAILED,apps/api/src/voice/telugu.ts,"Sorry, we could not record your request. Please try again.","క్షమించండి, మీ అభ్యర్థనను నమోదు చేయలేకపోయాము. దయచేసి మళ్లీ ప్రయత్నించండి.",voice: honest failure — request not recorded,,,
voice.ALERT_LABEL.info,apps/api/src/voice/telugu.ts,Information,సమాచారం,voice: spoken severity label,,,
voice.ALERT_LABEL.warning,apps/api/src/voice/telugu.ts,Warning,హెచ్చరిక,voice: spoken severity label,,,
voice.ALERT_LABEL.urgent,apps/api/src/voice/telugu.ts,Urgent alert,అత్యవసర హెచ్చరిక,voice: spoken severity label,,,
voice.ALERT_LABEL.emergency,apps/api/src/voice/telugu.ts,Emergency,అత్యవసరం,voice: spoken severity label,,,
voice.FEMININE_NAME_ENDINGS[0],apps/api/src/voice/telugu.ts,,మ్మ,voice: honorific heuristic — feminine name endings,no_en_pair,,
voice.FEMININE_NAME_ENDINGS[1],apps/api/src/voice/telugu.ts,,దేవి,voice: honorific heuristic — feminine name endings,no_en_pair,,
voice.FEMININE_NAME_ENDINGS[2],apps/api/src/voice/telugu.ts,,బాయి,voice: honorific heuristic — feminine name endings,no_en_pair,,
voice.TRAILING_HONORIFICS[0],apps/api/src/voice/telugu.ts,,అయ్యారు,voice: honorific heuristic — suffixes stripped from names,no_en_pair,,
voice.TRAILING_HONORIFICS[1],apps/api/src/voice/telugu.ts,,గారు,voice: honorific heuristic — suffixes stripped from names,no_en_pair,,
voice.TRAILING_HONORIFICS[2],apps/api/src/voice/telugu.ts,,గుడి,voice: honorific heuristic — suffixes stripped from names,no_en_pair,,
voice.TRAILING_HONORIFICS[3],apps/api/src/voice/telugu.ts,,నారి,voice: honorific heuristic — suffixes stripped from names,no_en_pair,,
voice.TRAILING_HONORIFICS[4],apps/api/src/voice/telugu.ts,,గారి,voice: honorific heuristic — suffixes stripped from names,no_en_pair,,
voice.NEUTRAL_VOCATIVE,apps/api/src/voice/telugu.ts,,గారు,voice: honorific (gender-neutral default),no_en_pair,,
voice.FEMININE_VOCATIVE,apps/api/src/voice/telugu.ts,,గుడి,voice: honorific (feminine),no_en_pair,,
